task,method,round,seed,demo_count,candidate_rollouts,accepted_rollouts,rejected_rollouts,total_reject_rate,acceptance_rate,collision_reject_rate,workspace_reject_rate,articulation_reject_rate,visibility_reject_rate,smoothness_reject_rate,coverage_index,train_examples,success_trials,total_trials,incremental_success_rate,ci95_low,ci95_high,action_smoothness,execution_steps,p_vs_sparse_round0
Pick-place,Sparse-only,0,0,22,0,0,0,0,0,0,0,0,0,0,0.2851,4400,17,20,85,64,94.8,0.6258,208.7,—
Pick-place,Sparse-only,0,1,22,0,0,0,0,0,0,0,0,0,0,0.2906,4400,17,20,85,64,94.8,0.6249,207.6,—
Pick-place,Sparse-only,0,2,22,0,0,0,0,0,0,0,0,0,0,0.3027,4400,16,20,80,58.4,91.9,0.6314,210.8,—
Pick-place,Sparse-only,0,3,22,0,0,0,0,0,0,0,0,0,0,0.3151,4400,16,20,80,58.4,91.9,0.6305,200.5,—
Pick-place,Sparse-only,0,4,22,0,0,0,0,0,0,0,0,0,0,0.3069,4400,18,20,90,69.9,97.2,0.6402,216,—
Pick-place,Sparse-only,1,0,22,0,0,0,0,0,0,0,0,0,0,0.3146,4400,17,20,85,64,94.8,0.6549,192.7,p=0.911
Pick-place,Sparse-only,1,1,22,0,0,0,0,0,0,0,0,0,0,0.297,4400,17,20,85,64,94.8,0.6496,202.3,p=0.911
Pick-place,Sparse-only,1,2,22,0,0,0,0,0,0,0,0,0,0,0.2854,4400,17,20,85,64,94.8,0.648,204.1,p=0.911
Pick-place,Sparse-only,1,3,22,0,0,0,0,0,0,0,0,0,0,0.2953,4400,16,20,80,58.4,91.9,0.6422,193.3,p=0.661
Pick-place,Sparse-only,1,4,22,0,0,0,0,0,0,0,0,0,0,0.3055,4400,15,20,75,53.1,88.8,0.6311,212.1,p=0.334
Pick-place,Sparse-only,2,0,22,0,0,0,0,0,0,0,0,0,0,0.2788,4400,16,20,80,58.4,91.9,0.6201,204.9,p=0.661
Pick-place,Sparse-only,2,1,22,0,0,0,0,0,0,0,0,0,0,0.3064,4400,17,20,85,64,94.8,0.6375,198.4,p=0.911
Pick-place,Sparse-only,2,2,22,0,0,0,0,0,0,0,0,0,0,0.2894,4400,17,20,85,64,94.8,0.6275,208.2,p=0.911
Pick-place,Sparse-only,2,3,22,0,0,0,0,0,0,0,0,0,0,0.2674,4400,17,20,85,64,94.8,0.623,203.9,p=0.911
Pick-place,Sparse-only,2,4,22,0,0,0,0,0,0,0,0,0,0,0.2908,4400,16,20,80,58.4,91.9,0.6242,204.7,p=0.661
Pick-place,Sparse-only,3,0,22,0,0,0,0,0,0,0,0,0,0,0.3235,4400,17,20,85,64,94.8,0.6061,202.7,p=0.911
Pick-place,Sparse-only,3,1,22,0,0,0,0,0,0,0,0,0,0,0.2777,4400,17,20,85,64,94.8,0.638,193.6,p=0.911
Pick-place,Sparse-only,3,2,22,0,0,0,0,0,0,0,0,0,0,0.2932,4400,17,20,85,64,94.8,0.6199,193.5,p=0.911
Pick-place,Sparse-only,3,3,22,0,0,0,0,0,0,0,0,0,0,0.2794,4400,17,20,85,64,94.8,0.6029,197.7,p=0.911
Pick-place,Sparse-only,3,4,22,0,0,0,0,0,0,0,0,0,0,0.2906,4400,17,20,85,64,94.8,0.6514,197.1,p=0.911
Pick-place,Sparse-only,4,0,22,0,0,0,0,0,0,0,0,0,0,0.2943,4400,16,20,80,58.4,91.9,0.6042,198.6,p=0.661
Pick-place,Sparse-only,4,1,22,0,0,0,0,0,0,0,0,0,0,0.3343,4400,17,20,85,64,94.8,0.6209,206.4,p=0.911
Pick-place,Sparse-only,4,2,22,0,0,0,0,0,0,0,0,0,0,0.2908,4400,17,20,85,64,94.8,0.6486,199.8,p=0.911
Pick-place,Sparse-only,4,3,22,0,0,0,0,0,0,0,0,0,0,0.2597,4400,17,20,85,64,94.8,0.6321,204,p=0.911
Pick-place,Sparse-only,4,4,22,0,0,0,0,0,0,0,0,0,0,0.3109,4400,17,20,85,64,94.8,0.6441,188.8,p=0.911
Pick-place,Sparse-only,5,0,22,0,0,0,0,0,0,0,0,0,0,0.2824,4400,17,20,85,64,94.8,0.6177,202.9,p=0.911
Pick-place,Sparse-only,5,1,22,0,0,0,0,0,0,0,0,0,0,0.2977,4400,17,20,85,64,94.8,0.6157,215.2,p=0.911
Pick-place,Sparse-only,5,2,22,0,0,0,0,0,0,0,0,0,0,0.2753,4400,17,20,85,64,94.8,0.6231,204,p=0.911
Pick-place,Sparse-only,5,3,22,0,0,0,0,0,0,0,0,0,0,0.3006,4400,17,20,85,64,94.8,0.622,209.4,p=0.911
Pick-place,Sparse-only,5,4,22,0,0,0,0,0,0,0,0,0,0,0.2815,4400,17,20,85,64,94.8,0.6132,206.3,p=0.911
Pick-place,Sparse-only,6,0,22,0,0,0,0,0,0,0,0,0,0,0.2708,4400,17,20,85,64,94.8,0.6173,201.2,p=0.911
Pick-place,Sparse-only,6,1,22,0,0,0,0,0,0,0,0,0,0,0.3186,4400,17,20,85,64,94.8,0.6143,206.1,p=0.911
Pick-place,Sparse-only,6,2,22,0,0,0,0,0,0,0,0,0,0,0.3273,4400,17,20,85,64,94.8,0.6101,206.9,p=0.911
Pick-place,Sparse-only,6,3,22,0,0,0,0,0,0,0,0,0,0,0.3292,4400,16,20,80,58.4,91.9,0.6039,195.7,p=0.661
Pick-place,Sparse-only,6,4,22,0,0,0,0,0,0,0,0,0,0,0.2906,4400,17,20,85,64,94.8,0.6345,205.3,p=0.911
Pick-place,Random-Aug,0,0,22,120,42,78,0.65,0.35,0.2527,0.0971,0.111,0.081,0.0793,0.3175,4736,17,20,85,64,94.8,0.635,205.1,p=0.911
Pick-place,Random-Aug,0,1,22,120,46,74,0.616667,0.383333,0.2545,0.1103,0.1213,0.0889,0.0676,0.3563,4768,16,20,80,58.4,91.9,0.6163,202,p=0.661
Pick-place,Random-Aug,0,2,22,120,39,81,0.675,0.325,0.2855,0.1059,0.129,0.0823,0.0841,0.3447,4712,16,20,80,58.4,91.9,0.6473,200.4,p=0.661
Pick-place,Random-Aug,0,3,22,120,44,76,0.633333,0.366667,0.2488,0.1042,0.1261,0.076,0.0815,0.3534,4752,16,20,80,58.4,91.9,0.6108,205.2,p=0.661
Pick-place,Random-Aug,0,4,22,120,44,76,0.633333,0.366667,0.2838,0.0938,0.1154,0.066,0.0766,0.3606,4752,16,20,80,58.4,91.9,0.6574,204.1,p=0.661
Pick-place,Random-Aug,1,0,22,128,47,81,0.632812,0.367188,0.2665,0.0927,0.1082,0.0752,0.0868,0.4066,4776,17,20,85,64,94.8,0.655,207.6,p=0.911
Pick-place,Random-Aug,1,1,22,128,56,72,0.5625,0.4375,0.2637,0.0897,0.1122,0.0764,0.0907,0.4176,4848,17,20,85,64,94.8,0.6095,198.6,p=0.911
Pick-place,Random-Aug,1,2,22,128,51,77,0.601562,0.398438,0.2832,0.0903,0.1198,0.0744,0.0825,0.4104,4808,16,20,80,58.4,91.9,0.6147,196.9,p=0.661
Pick-place,Random-Aug,1,3,22,128,52,76,0.59375,0.40625,0.2554,0.0909,0.111,0.0742,0.0776,0.4126,4816,17,20,85,64,94.8,0.6266,198.9,p=0.911
Pick-place,Random-Aug,1,4,22,128,53,75,0.585938,0.414062,0.2778,0.0894,0.133,0.0714,0.0872,0.4201,4824,17,20,85,64,94.8,0.6407,210.6,p=0.911
Pick-place,Random-Aug,2,0,22,136,59,77,0.566176,0.433824,0.3143,0.0903,0.1121,0.0786,0.0964,0.438,4872,17,20,85,64,94.8,0.6033,200.7,p=0.911
Pick-place,Random-Aug,2,1,22,136,52,84,0.617647,0.382353,0.2576,0.0985,0.1003,0.0704,0.0721,0.4274,4816,17,20,85,64,94.8,0.6228,201.8,p=0.911
Pick-place,Random-Aug,2,2,22,136,53,83,0.610294,0.389706,0.2916,0.0893,0.1164,0.0816,0.0787,0.4047,4824,17,20,85,64,94.8,0.6323,202.7,p=0.911
Pick-place,Random-Aug,2,3,22,136,64,72,0.529412,0.470588,0.2878,0.0962,0.1205,0.0667,0.0966,0.4339,4912,16,20,80,58.4,91.9,0.6138,207.3,p=0.661
Pick-place,Random-Aug,2,4,22,136,57,79,0.580882,0.419118,0.2888,0.0994,0.1106,0.07,0.0793,0.437,4856,17,20,85,64,94.8,0.6287,206.3,p=0.911
Pick-place,Random-Aug,3,0,22,144,70,74,0.513889,0.486111,0.286,0.0885,0.1164,0.073,0.0718,0.4344,4960,16,20,80,58.4,91.9,0.6463,200.8,p=0.661
Pick-place,Random-Aug,3,1,22,144,63,81,0.5625,0.4375,0.2975,0.0968,0.1242,0.0801,0.0879,0.4128,4904,17,20,85,64,94.8,0.6031,205.2,p=0.911
Pick-place,Random-Aug,3,2,22,144,62,82,0.569444,0.430556,0.2951,0.104,0.1179,0.0764,0.0786,0.4467,4896,16,20,80,58.4,91.9,0.6553,194.8,p=0.661
Pick-place,Random-Aug,3,3,22,144,62,82,0.569444,0.430556,0.2735,0.0883,0.1063,0.074,0.071,0.4839,4896,17,20,85,64,94.8,0.6037,207.8,p=0.911
Pick-place,Random-Aug,3,4,22,144,59,85,0.590278,0.409722,0.276,0.0973,0.099,0.073,0.0857,0.4632,4872,17,20,85,64,94.8,0.6184,196.8,p=0.911
Pick-place,Random-Aug,4,0,22,152,70,82,0.539474,0.460526,0.3153,0.0905,0.1102,0.0798,0.0996,0.48,4960,17,20,85,64,94.8,0.6289,210.6,p=0.911
Pick-place,Random-Aug,4,1,22,152,65,87,0.572368,0.427632,0.2955,0.0973,0.1039,0.0868,0.0847,0.4547,4920,17,20,85,64,94.8,0.6059,202.2,p=0.911
Pick-place,Random-Aug,4,2,22,152,72,80,0.526316,0.473684,0.2869,0.0875,0.1177,0.0832,0.0757,0.451,4976,16,20,80,58.4,91.9,0.6379,206.1,p=0.661
Pick-place,Random-Aug,4,3,22,152,67,85,0.559211,0.440789,0.3186,0.0974,0.1056,0.0766,0.0847,0.4892,4936,17,20,85,64,94.8,0.6154,209.9,p=0.911
Pick-place,Random-Aug,4,4,22,152,61,91,0.598684,0.401316,0.291,0.0875,0.0999,0.0653,0.0798,0.4708,4888,16,20,80,58.4,91.9,0.6652,198.5,p=0.661
Pick-place,Random-Aug,5,0,22,160,78,82,0.5125,0.4875,0.3266,0.09,0.116,0.0833,0.0776,0.5137,5024,17,20,85,64,94.8,0.6306,211.2,p=0.911
Pick-place,Random-Aug,5,1,22,160,66,94,0.5875,0.4125,0.3331,0.0926,0.1227,0.0783,0.0747,0.5086,4928,17,20,85,64,94.8,0.6246,212.9,p=0.911
Pick-place,Random-Aug,5,2,22,160,73,87,0.54375,0.45625,0.2995,0.0887,0.1152,0.0901,0.0972,0.4961,4984,17,20,85,64,94.8,0.6189,198.8,p=0.911
Pick-place,Random-Aug,5,3,22,160,69,91,0.56875,0.43125,0.3233,0.0916,0.1063,0.0788,0.098,0.5045,4952,17,20,85,64,94.8,0.6271,213.7,p=0.911
Pick-place,Random-Aug,5,4,22,160,71,89,0.55625,0.44375,0.3271,0.1024,0.1012,0.0612,0.0872,0.5119,4968,17,20,85,64,94.8,0.5963,199.4,p=0.911
Pick-place,Random-Aug,6,0,22,168,75,93,0.553571,0.446429,0.324,0.0904,0.1262,0.0888,0.0931,0.473,5000,17,20,85,64,94.8,0.6312,206.5,p=0.911
Pick-place,Random-Aug,6,1,22,168,77,91,0.541667,0.458333,0.3413,0.0982,0.0972,0.0926,0.0837,0.5313,5016,17,20,85,64,94.8,0.5997,210.4,p=0.911
Pick-place,Random-Aug,6,2,22,168,84,84,0.5,0.5,0.3133,0.0903,0.1103,0.0731,0.0784,0.4971,5072,17,20,85,64,94.8,0.6269,201.8,p=0.911
Pick-place,Random-Aug,6,3,22,168,88,80,0.47619,0.52381,0.3219,0.1084,0.1077,0.0695,0.0765,0.492,5104,17,20,85,64,94.8,0.5973,203.3,p=0.911
Pick-place,Random-Aug,6,4,22,168,82,86,0.511905,0.488095,0.331,0.0892,0.1115,0.0718,0.0905,0.4816,5056,17,20,85,64,94.8,0.6051,206.9,p=0.911
Pick-place,Scene-Aug w/o structure,0,0,22,120,80,40,0.333333,0.666667,0.1515,0.0606,0.0766,0.0608,0.0439,0.3789,5040,17,20,85,64,94.8,0.6223,197.9,p=0.911
Pick-place,Scene-Aug w/o structure,0,1,22,120,81,39,0.325,0.675,0.1758,0.0524,0.0598,0.0524,0.0352,0.3944,5048,17,20,85,64,94.8,0.6363,207.7,p=0.911
Pick-place,Scene-Aug w/o structure,0,2,22,120,83,37,0.308333,0.691667,0.1701,0.0436,0.0714,0.048,0.034,0.3869,5064,17,20,85,64,94.8,0.6221,192.8,p=0.911
Pick-place,Scene-Aug w/o structure,0,3,22,120,79,41,0.341667,0.658333,0.1433,0.0578,0.0723,0.0347,0.0509,0.4328,5032,17,20,85,64,94.8,0.6559,197.9,p=0.911
Pick-place,Scene-Aug w/o structure,0,4,22,120,82,38,0.316667,0.683333,0.1537,0.0427,0.0773,0.0443,0.0547,0.373,5056,17,20,85,64,94.8,0.655,207.3,p=0.911
Pick-place,Scene-Aug w/o structure,1,0,22,128,80,48,0.375,0.625,0.1667,0.0487,0.0745,0.0334,0.059,0.4455,5040,17,20,85,64,94.8,0.5919,200.8,p=0.911
Pick-place,Scene-Aug w/o structure,1,1,22,128,91,37,0.289062,0.710938,0.1775,0.0501,0.0768,0.0509,0.0525,0.4531,5128,17,20,85,64,94.8,0.6184,189.2,p=0.911
Pick-place,Scene-Aug w/o structure,1,2,22,128,90,38,0.296875,0.703125,0.17,0.0637,0.0694,0.0387,0.055,0.4564,5120,16,20,80,58.4,91.9,0.6458,204,p=0.661
Pick-place,Scene-Aug w/o structure,1,3,22,128,88,40,0.3125,0.6875,0.1509,0.0485,0.07,0.0593,0.0518,0.4625,5104,17,20,85,64,94.8,0.6016,195.6,p=0.911
Pick-place,Scene-Aug w/o structure,1,4,22,128,90,38,0.296875,0.703125,0.1609,0.0552,0.0891,0.0422,0.0534,0.513,5120,17,20,85,64,94.8,0.6176,211.4,p=0.911
Pick-place,Scene-Aug w/o structure,2,0,22,136,91,45,0.330882,0.669118,0.1892,0.048,0.0734,0.0395,0.0525,0.484,5128,17,20,85,64,94.8,0.6229,189.5,p=0.911
Pick-place,Scene-Aug w/o structure,2,1,22,136,92,44,0.323529,0.676471,0.1809,0.0594,0.0728,0.0458,0.053,0.4936,5136,16,20,80,58.4,91.9,0.5911,196.6,p=0.661
Pick-place,Scene-Aug w/o structure,2,2,22,136,93,43,0.316176,0.683824,0.1608,0.047,0.0763,0.0367,0.0341,0.5328,5144,17,20,85,64,94.8,0.597,205.8,p=0.911
Pick-place,Scene-Aug w/o structure,2,3,22,136,99,37,0.272059,0.727941,0.1896,0.0597,0.0717,0.0449,0.0469,0.4941,5192,17,20,85,64,94.8,0.5933,194.5,p=0.911
Pick-place,Scene-Aug w/o structure,2,4,22,136,98,38,0.279412,0.720588,0.152,0.0583,0.0802,0.042,0.0469,0.5279,5184,17,20,85,64,94.8,0.5989,202.2,p=0.911
Pick-place,Scene-Aug w/o structure,3,0,22,144,94,50,0.347222,0.652778,0.169,0.0474,0.0905,0.0255,0.0566,0.5749,5152,18,20,90,69.9,97.2,0.5774,197.9,p=0.493
Pick-place,Scene-Aug w/o structure,3,1,22,144,113,31,0.215278,0.784722,0.1791,0.0466,0.0674,0.0581,0.0628,0.5543,5304,17,20,85,64,94.8,0.6096,197.4,p=0.911
Pick-place,Scene-Aug w/o structure,3,2,22,144,101,43,0.298611,0.701389,0.1769,0.0459,0.0795,0.0507,0.0514,0.5701,5208,18,20,90,69.9,97.2,0.6024,204,p=0.493
Pick-place,Scene-Aug w/o structure,3,3,22,144,95,49,0.340278,0.659722,0.1905,0.0629,0.0865,0.0498,0.0353,0.5791,5160,18,20,90,69.9,97.2,0.5834,198.7,p=0.493
Pick-place,Scene-Aug w/o structure,3,4,22,144,99,45,0.3125,0.6875,0.1942,0.0548,0.0739,0.0594,0.0637,0.5919,5192,17,20,85,64,94.8,0.5507,213.9,p=0.911
Pick-place,Scene-Aug w/o structure,4,0,22,152,108,44,0.289474,0.710526,0.2069,0.0463,0.0647,0.0445,0.0436,0.6212,5264,17,20,85,64,94.8,0.5996,188.7,p=0.911
Pick-place,Scene-Aug w/o structure,4,1,22,152,110,42,0.276316,0.723684,0.1974,0.0497,0.0575,0.0414,0.0524,0.6013,5280,18,20,90,69.9,97.2,0.6044,206.1,p=0.493
Pick-place,Scene-Aug w/o structure,4,2,22,152,112,40,0.263158,0.736842,0.1932,0.054,0.0722,0.0512,0.0536,0.5934,5296,18,20,90,69.9,97.2,0.5594,199.3,p=0.493
Pick-place,Scene-Aug w/o structure,4,3,22,152,105,47,0.309211,0.690789,0.1889,0.0496,0.0661,0.0504,0.0573,0.5961,5240,17,20,85,64,94.8,0.5926,192.5,p=0.911
Pick-place,Scene-Aug w/o structure,4,4,22,152,114,38,0.25,0.75,0.1805,0.046,0.0734,0.0543,0.0497,0.6149,5312,18,20,90,69.9,97.2,0.5701,195.2,p=0.493
Pick-place,Scene-Aug w/o structure,5,0,22,160,116,44,0.275,0.725,0.2104,0.0723,0.0565,0.0559,0.0469,0.6204,5328,17,20,85,64,94.8,0.6031,187.6,p=0.911
Pick-place,Scene-Aug w/o structure,5,1,22,160,118,42,0.2625,0.7375,0.1996,0.0515,0.0599,0.0393,0.0511,0.62,5344,18,20,90,69.9,97.2,0.5609,201.3,p=0.493
Pick-place,Scene-Aug w/o structure,5,2,22,160,126,34,0.2125,0.7875,0.2001,0.0612,0.068,0.0503,0.0559,0.6047,5408,18,20,90,69.9,97.2,0.5843,200.1,p=0.493
Pick-place,Scene-Aug w/o structure,5,3,22,160,116,44,0.275,0.725,0.227,0.0564,0.0573,0.0519,0.0549,0.6451,5328,17,20,85,64,94.8,0.6055,195.5,p=0.911
Pick-place,Scene-Aug w/o structure,5,4,22,160,118,42,0.2625,0.7375,0.2128,0.0478,0.0882,0.0376,0.0552,0.6296,5344,17,20,85,64,94.8,0.5574,193.2,p=0.911
Pick-place,Scene-Aug w/o structure,6,0,22,168,125,43,0.255952,0.744048,0.2226,0.0536,0.0805,0.049,0.0287,0.6466,5400,18,20,90,69.9,97.2,0.5733,208.9,p=0.493
Pick-place,Scene-Aug w/o structure,6,1,22,168,123,45,0.267857,0.732143,0.2209,0.0533,0.0693,0.0472,0.068,0.6012,5384,17,20,85,64,94.8,0.5846,204.6,p=0.911
Pick-place,Scene-Aug w/o structure,6,2,22,168,124,44,0.261905,0.738095,0.1926,0.0458,0.0747,0.0512,0.0507,0.6013,5392,17,20,85,64,94.8,0.5752,186.3,p=0.911
Pick-place,Scene-Aug w/o structure,6,3,22,168,126,42,0.25,0.75,0.2107,0.0604,0.0785,0.0397,0.041,0.6384,5408,18,20,90,69.9,97.2,0.567,197,p=0.493
Pick-place,Scene-Aug w/o structure,6,4,22,168,125,43,0.255952,0.744048,0.2351,0.0594,0.0711,0.0492,0.0442,0.6344,5400,18,20,90,69.9,97.2,0.5795,206,p=0.493
Pick-place,Ours,0,0,22,120,101,19,0.158333,0.841667,0.0307,0.0201,0.0019,0.0244,0.0083,0.435,5208,17,20,85,64,94.8,0.6566,208.1,p=0.911
Pick-place,Ours,0,1,22,120,91,29,0.241667,0.758333,0.0401,0.0279,0.0149,0.026,0.0231,0.4518,5128,17,20,85,64,94.8,0.6363,214.9,p=0.911
Pick-place,Ours,0,2,22,120,92,28,0.233333,0.766667,0.0647,0.0273,0.0097,0.0221,0.0232,0.459,5136,17,20,85,64,94.8,0.6295,213.4,p=0.911
Pick-place,Ours,0,3,22,120,93,27,0.225,0.775,0.0724,0.0289,0.0072,0.0243,0.014,0.4515,5144,17,20,85,64,94.8,0.6405,204.6,p=0.911
Pick-place,Ours,0,4,22,120,91,29,0.241667,0.758333,0.048,0.0249,0.0292,0.0128,0.0144,0.4667,5128,17,20,85,64,94.8,0.6657,206.9,p=0.911
Pick-place,Ours,1,0,22,128,107,21,0.164062,0.835938,0.0841,0.0073,0,0.0174,0.0241,0.5569,5256,17,20,85,64,94.8,0.5722,185.3,p=0.911
Pick-place,Ours,1,1,22,128,104,24,0.1875,0.8125,0.0548,0.0347,0.0138,0.0221,0.0274,0.5871,5232,18,20,90,69.9,97.2,0.6031,202.8,p=0.493
Pick-place,Ours,1,2,22,128,111,17,0.132812,0.867188,0.0603,0.0252,0.0207,0.022,0.0199,0.5763,5288,18,20,90,69.9,97.2,0.576,192.2,p=0.493
Pick-place,Ours,1,3,22,128,110,18,0.140625,0.859375,0.0475,0.0176,0.0153,0.0064,0.016,0.6251,5280,18,20,90,69.9,97.2,0.5692,201,p=0.493
Pick-place,Ours,1,4,22,128,102,26,0.203125,0.796875,0.051,0.027,0.0133,0.0217,0.0166,0.5687,5216,17,20,85,64,94.8,0.568,196.1,p=0.911
Pick-place,Ours,2,0,22,136,127,9,0.066176,0.933824,0.0653,0.0259,0.0029,0.0305,0.0116,0.6865,5416,18,20,90,69.9,97.2,0.5597,195.1,p=0.493
Pick-place,Ours,2,1,22,136,115,21,0.154412,0.845588,0.0997,0.0301,0.0073,0.0146,0.0063,0.6578,5320,18,20,90,69.9,97.2,0.5494,183.7,p=0.493
Pick-place,Ours,2,2,22,136,124,12,0.088235,0.911765,0.0523,0.0212,0.0174,0.0138,0.0103,0.7059,5392,18,20,90,69.9,97.2,0.5365,196.8,p=0.493
Pick-place,Ours,2,3,22,136,121,15,0.110294,0.889706,0.0607,0.0138,0.014,0.0159,0.0199,0.6942,5368,18,20,90,69.9,97.2,0.5436,188.7,p=0.493
Pick-place,Ours,2,4,22,136,119,17,0.125,0.875,0.0665,0.0244,0.0239,0.0182,0.0215,0.6641,5352,18,20,90,69.9,97.2,0.5305,204.9,p=0.493
Pick-place,Ours,3,0,22,144,133,11,0.076389,0.923611,0.0873,0.0324,0.0089,0.0296,0.0247,0.761,5464,18,20,90,69.9,97.2,0.5449,195.7,p=0.493
Pick-place,Ours,3,1,22,144,131,13,0.090278,0.909722,0.0858,0.0166,0.0068,0.0164,0.0163,0.7507,5448,18,20,90,69.9,97.2,0.5172,193.9,p=0.493
Pick-place,Ours,3,2,22,144,141,3,0.020833,0.979167,0.0857,0.0192,0.0191,0.0295,0.0127,0.7567,5528,18,20,90,69.9,97.2,0.5201,186.8,p=0.493
Pick-place,Ours,3,3,22,144,133,11,0.076389,0.923611,0.0948,0.0249,0.0209,0.0216,0.0273,0.7235,5464,18,20,90,69.9,97.2,0.4986,189.9,p=0.493
Pick-place,Ours,3,4,22,144,133,11,0.076389,0.923611,0.0932,0.0257,0.0106,0.0171,0.0206,0.7261,5464,18,20,90,69.9,97.2,0.5352,190,p=0.493
Pick-place,Ours,4,0,22,152,138,14,0.092105,0.907895,0.0885,0.014,0,0.0226,0.016,0.7702,5504,18,20,90,69.9,97.2,0.5032,186.8,p=0.493
Pick-place,Ours,4,1,22,152,142,10,0.065789,0.934211,0.0644,0.0223,0.0037,0.0171,0.0225,0.7603,5536,19,20,95,76.4,99.1,0.517,180.3,p=0.198
Pick-place,Ours,4,2,22,152,145,7,0.046053,0.953947,0.0672,0.0347,0.0195,0.034,0.0294,0.7537,5560,18,20,90,69.9,97.2,0.4784,184.6,p=0.493
Pick-place,Ours,4,3,22,152,142,10,0.065789,0.934211,0.0877,0.0326,0.0066,0.028,0.025,0.8186,5536,18,20,90,69.9,97.2,0.4939,192.7,p=0.493
Pick-place,Ours,4,4,22,152,139,13,0.085526,0.914474,0.0618,0.018,0.0174,0.015,0.0164,0.7858,5512,18,20,90,69.9,97.2,0.4991,187,p=0.493
Pick-place,Ours,5,0,22,160,150,10,0.0625,0.9375,0.1019,0.0236,0.0124,0.0123,0.0199,0.8047,5600,18,20,90,69.9,97.2,0.4945,184.7,p=0.493
Pick-place,Ours,5,1,22,160,148,12,0.075,0.925,0.0952,0.0411,0.0087,0.0228,0.0063,0.7764,5584,18,20,90,69.9,97.2,0.5216,192.3,p=0.493
Pick-place,Ours,5,2,22,160,149,11,0.06875,0.93125,0.0816,0.0312,0.0293,0.0279,0.0273,0.8355,5592,18,20,90,69.9,97.2,0.4651,189.6,p=0.493
Pick-place,Ours,5,3,22,160,153,7,0.04375,0.95625,0.094,0.0206,0.0016,0.0243,0.0097,0.8215,5624,18,20,90,69.9,97.2,0.5055,182.5,p=0.493
Pick-place,Ours,5,4,22,160,151,9,0.05625,0.94375,0.1068,0.0263,0.0029,0.0143,0.0362,0.8044,5608,18,20,90,69.9,97.2,0.4867,187.2,p=0.493
Pick-place,Ours,6,0,22,168,154,14,0.083333,0.916667,0.1257,0.0303,0.0008,0.0187,0.0094,0.8241,5632,18,20,90,69.9,97.2,0.4955,190.8,p=0.493
Pick-place,Ours,6,1,22,168,163,5,0.029762,0.970238,0.1001,0.028,0.006,0.0281,0.0033,0.7815,5704,18,20,90,69.9,97.2,0.5084,178.3,p=0.493
Pick-place,Ours,6,2,22,168,161,7,0.041667,0.958333,0.1022,0.023,0.0274,0.0157,0.0123,0.8086,5688,18,20,90,69.9,97.2,0.5006,187.1,p=0.493
Pick-place,Ours,6,3,22,168,164,4,0.02381,0.97619,0.1224,0.0147,0.0088,0.0315,0.0149,0.8469,5712,19,20,95,76.4,99.1,0.4947,184.2,p=0.198
Pick-place,Ours,6,4,22,168,160,8,0.047619,0.952381,0.0953,0.0205,0.0094,0.0277,0.0247,0.8134,5680,19,20,95,76.4,99.1,0.5219,189.8,p=0.198
Microwave door,Sparse-only,0,0,8,0,0,0,0,0,0,0,0,0,0,0.3072,1600,14,20,70,48.1,85.5,0.6682,216.9,—
Microwave door,Sparse-only,0,1,8,0,0,0,0,0,0,0,0,0,0,0.3186,1600,14,20,70,48.1,85.5,0.6428,193.4,—
Microwave door,Sparse-only,0,2,8,0,0,0,0,0,0,0,0,0,0,0.269,1600,14,20,70,48.1,85.5,0.6558,202.9,—
Microwave door,Sparse-only,0,3,8,0,0,0,0,0,0,0,0,0,0,0.3171,1600,14,20,70,48.1,85.5,0.6551,215.7,—
Microwave door,Sparse-only,0,4,8,0,0,0,0,0,0,0,0,0,0,0.3438,1600,14,20,70,48.1,85.5,0.6487,208.9,—
Microwave door,Sparse-only,1,0,8,0,0,0,0,0,0,0,0,0,0,0.313,1600,15,20,75,53.1,88.8,0.631,206.3,p=0.717
Microwave door,Sparse-only,1,1,8,0,0,0,0,0,0,0,0,0,0,0.3027,1600,14,20,70,48.1,85.5,0.6198,213.8,p=0.928
Microwave door,Sparse-only,1,2,8,0,0,0,0,0,0,0,0,0,0,0.304,1600,14,20,70,48.1,85.5,0.6317,198.9,p=0.928
Microwave door,Sparse-only,1,3,8,0,0,0,0,0,0,0,0,0,0,0.3153,1600,14,20,70,48.1,85.5,0.6298,205.8,p=0.928
Microwave door,Sparse-only,1,4,8,0,0,0,0,0,0,0,0,0,0,0.318,1600,14,20,70,48.1,85.5,0.6142,201.5,p=0.928
Microwave door,Sparse-only,2,0,8,0,0,0,0,0,0,0,0,0,0,0.289,1600,14,20,70,48.1,85.5,0.6057,204.3,p=0.928
Microwave door,Sparse-only,2,1,8,0,0,0,0,0,0,0,0,0,0,0.2913,1600,14,20,70,48.1,85.5,0.6241,201.1,p=0.928
Microwave door,Sparse-only,2,2,8,0,0,0,0,0,0,0,0,0,0,0.2949,1600,14,20,70,48.1,85.5,0.6144,208.7,p=0.928
Microwave door,Sparse-only,2,3,8,0,0,0,0,0,0,0,0,0,0,0.3318,1600,14,20,70,48.1,85.5,0.6219,199.5,p=0.928
Microwave door,Sparse-only,2,4,8,0,0,0,0,0,0,0,0,0,0,0.3329,1600,14,20,70,48.1,85.5,0.6141,204.4,p=0.928
Microwave door,Sparse-only,3,0,8,0,0,0,0,0,0,0,0,0,0,0.3104,1600,14,20,70,48.1,85.5,0.6184,205.4,p=0.928
Microwave door,Sparse-only,3,1,8,0,0,0,0,0,0,0,0,0,0,0.3313,1600,14,20,70,48.1,85.5,0.6253,200.2,p=0.928
Microwave door,Sparse-only,3,2,8,0,0,0,0,0,0,0,0,0,0,0.2609,1600,15,20,75,53.1,88.8,0.6337,191.2,p=0.717
Microwave door,Sparse-only,3,3,8,0,0,0,0,0,0,0,0,0,0,0.2843,1600,15,20,75,53.1,88.8,0.6424,208,p=0.717
Microwave door,Sparse-only,3,4,8,0,0,0,0,0,0,0,0,0,0,0.2985,1600,14,20,70,48.1,85.5,0.6263,193.5,p=0.928
Microwave door,Sparse-only,4,0,8,0,0,0,0,0,0,0,0,0,0,0.3003,1600,14,20,70,48.1,85.5,0.6227,204.3,p=0.928
Microwave door,Sparse-only,4,1,8,0,0,0,0,0,0,0,0,0,0,0.29,1600,15,20,75,53.1,88.8,0.6241,209.3,p=0.717
Microwave door,Sparse-only,4,2,8,0,0,0,0,0,0,0,0,0,0,0.3102,1600,14,20,70,48.1,85.5,0.6074,203.9,p=0.928
Microwave door,Sparse-only,4,3,8,0,0,0,0,0,0,0,0,0,0,0.2774,1600,15,20,75,53.1,88.8,0.632,206.5,p=0.717
Microwave door,Sparse-only,4,4,8,0,0,0,0,0,0,0,0,0,0,0.2751,1600,14,20,70,48.1,85.5,0.6008,201,p=0.928
Microwave door,Sparse-only,5,0,8,0,0,0,0,0,0,0,0,0,0,0.2781,1600,14,20,70,48.1,85.5,0.6248,206.1,p=0.928
Microwave door,Sparse-only,5,1,8,0,0,0,0,0,0,0,0,0,0,0.2831,1600,15,20,75,53.1,88.8,0.6273,197.5,p=0.717
Microwave door,Sparse-only,5,2,8,0,0,0,0,0,0,0,0,0,0,0.3151,1600,14,20,70,48.1,85.5,0.6421,201.2,p=0.928
Microwave door,Sparse-only,5,3,8,0,0,0,0,0,0,0,0,0,0,0.3144,1600,14,20,70,48.1,85.5,0.6295,209,p=0.928
Microwave door,Sparse-only,5,4,8,0,0,0,0,0,0,0,0,0,0,0.3369,1600,14,20,70,48.1,85.5,0.6077,203.9,p=0.928
Microwave door,Sparse-only,6,0,8,0,0,0,0,0,0,0,0,0,0,0.2997,1600,14,20,70,48.1,85.5,0.6067,199.6,p=0.928
Microwave door,Sparse-only,6,1,8,0,0,0,0,0,0,0,0,0,0,0.3022,1600,15,20,75,53.1,88.8,0.6249,202.6,p=0.717
Microwave door,Sparse-only,6,2,8,0,0,0,0,0,0,0,0,0,0,0.2878,1600,15,20,75,53.1,88.8,0.6321,209,p=0.717
Microwave door,Sparse-only,6,3,8,0,0,0,0,0,0,0,0,0,0,0.2715,1600,14,20,70,48.1,85.5,0.5955,207.4,p=0.928
Microwave door,Sparse-only,6,4,8,0,0,0,0,0,0,0,0,0,0,0.3392,1600,14,20,70,48.1,85.5,0.6362,220.7,p=0.928
Microwave door,Random-Aug,0,0,8,120,49,71,0.591667,0.408333,0.2604,0.0898,0.1254,0.0743,0.0796,0.318,1992,14,20,70,48.1,85.5,0.6338,212.6,p=0.928
Microwave door,Random-Aug,0,1,8,120,43,77,0.641667,0.358333,0.2731,0.0956,0.1191,0.0837,0.0752,0.3328,1944,14,20,70,48.1,85.5,0.6191,208.4,p=0.928
Microwave door,Random-Aug,0,2,8,120,39,81,0.675,0.325,0.2766,0.1036,0.1234,0.0716,0.0775,0.3515,1912,14,20,70,48.1,85.5,0.6271,206.3,p=0.928
Microwave door,Random-Aug,0,3,8,120,47,73,0.608333,0.391667,0.2634,0.0884,0.1059,0.0795,0.0728,0.3577,1976,14,20,70,48.1,85.5,0.6225,204,p=0.928
Microwave door,Random-Aug,0,4,8,120,39,81,0.675,0.325,0.2678,0.105,0.0985,0.0754,0.0772,0.3394,1912,14,20,70,48.1,85.5,0.6308,204.7,p=0.928
Microwave door,Random-Aug,1,0,8,128,55,73,0.570312,0.429688,0.2554,0.092,0.1091,0.0662,0.0792,0.4045,2040,14,20,70,48.1,85.5,0.6476,208.3,p=0.928
Microwave door,Random-Aug,1,1,8,128,46,82,0.640625,0.359375,0.2774,0.0954,0.1082,0.0765,0.0739,0.436,1968,14,20,70,48.1,85.5,0.6525,196.9,p=0.928
Microwave door,Random-Aug,1,2,8,128,51,77,0.601562,0.398438,0.2926,0.0836,0.1345,0.084,0.1009,0.3901,2008,14,20,70,48.1,85.5,0.6287,202.7,p=0.928
Microwave door,Random-Aug,1,3,8,128,51,77,0.601562,0.398438,0.269,0.1023,0.1108,0.0698,0.0842,0.4102,2008,14,20,70,48.1,85.5,0.6271,203.6,p=0.928
Microwave door,Random-Aug,1,4,8,128,57,71,0.554688,0.445312,0.2679,0.1146,0.1133,0.0739,0.0773,0.404,2056,13,20,65,43.3,81.9,0.6238,200.2,p=0.593
Microwave door,Random-Aug,2,0,8,136,55,81,0.595588,0.404412,0.2966,0.0948,0.1047,0.0713,0.0854,0.4526,2040,14,20,70,48.1,85.5,0.6094,210.5,p=0.928
Microwave door,Random-Aug,2,1,8,136,56,80,0.588235,0.411765,0.2779,0.0822,0.0999,0.072,0.0804,0.4353,2048,14,20,70,48.1,85.5,0.6492,199.2,p=0.928
Microwave door,Random-Aug,2,2,8,136,58,78,0.573529,0.426471,0.2895,0.0831,0.1032,0.0784,0.0817,0.4025,2064,14,20,70,48.1,85.5,0.6421,196.9,p=0.928
Microwave door,Random-Aug,2,3,8,136,62,74,0.544118,0.455882,0.2842,0.0964,0.1037,0.0608,0.0883,0.3909,2096,14,20,70,48.1,85.5,0.6508,208.9,p=0.928
Microwave door,Random-Aug,2,4,8,136,59,77,0.566176,0.433824,0.2945,0.0945,0.1146,0.0762,0.0817,0.4718,2072,14,20,70,48.1,85.5,0.6262,201.9,p=0.928
Microwave door,Random-Aug,3,0,8,144,72,72,0.5,0.5,0.276,0.0923,0.1103,0.0762,0.0753,0.4581,2176,14,20,70,48.1,85.5,0.6138,206,p=0.928
Microwave door,Random-Aug,3,1,8,144,63,81,0.5625,0.4375,0.2811,0.0895,0.0915,0.0695,0.0831,0.475,2104,15,20,75,53.1,88.8,0.6059,196.1,p=0.717
Microwave door,Random-Aug,3,2,8,144,54,90,0.625,0.375,0.2859,0.0926,0.1123,0.0711,0.0763,0.4718,2032,14,20,70,48.1,85.5,0.6496,204.7,p=0.928
Microwave door,Random-Aug,3,3,8,144,66,78,0.541667,0.458333,0.3078,0.0928,0.123,0.0653,0.0827,0.4771,2128,14,20,70,48.1,85.5,0.6457,202.3,p=0.928
Microwave door,Random-Aug,3,4,8,144,65,79,0.548611,0.451389,0.2801,0.0887,0.1154,0.0822,0.0785,0.4306,2120,13,20,65,43.3,81.9,0.6169,206.5,p=0.593
Microwave door,Random-Aug,4,0,8,152,60,92,0.605263,0.394737,0.2987,0.0914,0.1217,0.0759,0.0756,0.4734,2080,14,20,70,48.1,85.5,0.6272,211.2,p=0.928
Microwave door,Random-Aug,4,1,8,152,64,88,0.578947,0.421053,0.2836,0.0966,0.1075,0.0819,0.0667,0.5053,2112,13,20,65,43.3,81.9,0.6355,196.1,p=0.593
Microwave door,Random-Aug,4,2,8,152,62,90,0.592105,0.407895,0.281,0.1026,0.1309,0.0796,0.0811,0.4795,2096,14,20,70,48.1,85.5,0.6299,201.1,p=0.928
Microwave door,Random-Aug,4,3,8,152,72,80,0.526316,0.473684,0.2865,0.0852,0.117,0.0633,0.0865,0.4775,2176,14,20,70,48.1,85.5,0.6333,196.1,p=0.928
Microwave door,Random-Aug,4,4,8,152,68,84,0.552632,0.447368,0.2873,0.0961,0.1236,0.0803,0.0814,0.4955,2144,14,20,70,48.1,85.5,0.6143,199.5,p=0.928
Microwave door,Random-Aug,5,0,8,160,72,88,0.55,0.45,0.3112,0.0973,0.1128,0.0743,0.0684,0.4626,2176,14,20,70,48.1,85.5,0.6201,201.3,p=0.928
Microwave door,Random-Aug,5,1,8,160,72,88,0.55,0.45,0.2997,0.0986,0.1124,0.0688,0.0832,0.4995,2176,13,20,65,43.3,81.9,0.614,195.4,p=0.593
Microwave door,Random-Aug,5,2,8,160,75,85,0.53125,0.46875,0.317,0.0886,0.121,0.0854,0.0814,0.5123,2200,14,20,70,48.1,85.5,0.6222,194.1,p=0.928
Microwave door,Random-Aug,5,3,8,160,76,84,0.525,0.475,0.3068,0.0868,0.1043,0.0817,0.0751,0.4608,2208,13,20,65,43.3,81.9,0.6409,199.2,p=0.593
Microwave door,Random-Aug,5,4,8,160,77,83,0.51875,0.48125,0.3053,0.1087,0.1077,0.0632,0.083,0.4908,2216,14,20,70,48.1,85.5,0.6271,211.3,p=0.928
Microwave door,Random-Aug,6,0,8,168,84,84,0.5,0.5,0.3135,0.0942,0.1201,0.0743,0.0786,0.5034,2272,14,20,70,48.1,85.5,0.6023,190,p=0.928
Microwave door,Random-Aug,6,1,8,168,79,89,0.529762,0.470238,0.299,0.0935,0.1276,0.0822,0.0847,0.4813,2232,14,20,70,48.1,85.5,0.6037,200.6,p=0.928
Microwave door,Random-Aug,6,2,8,168,82,86,0.511905,0.488095,0.336,0.0918,0.1156,0.0835,0.0772,0.506,2256,14,20,70,48.1,85.5,0.6388,194.6,p=0.928
Microwave door,Random-Aug,6,3,8,168,75,93,0.553571,0.446429,0.3007,0.0926,0.1126,0.0674,0.0843,0.472,2200,14,20,70,48.1,85.5,0.6278,201.2,p=0.928
Microwave door,Random-Aug,6,4,8,168,88,80,0.47619,0.52381,0.322,0.0879,0.133,0.0704,0.0823,0.4848,2304,13,20,65,43.3,81.9,0.6083,213.5,p=0.593
Microwave door,Scene-Aug w/o structure,0,0,8,120,77,43,0.358333,0.641667,0.1697,0.0447,0.0607,0.044,0.0443,0.379,2216,14,20,70,48.1,85.5,0.6263,209,p=0.928
Microwave door,Scene-Aug w/o structure,0,1,8,120,73,47,0.391667,0.608333,0.1515,0.0554,0.0466,0.0391,0.0487,0.3381,2184,14,20,70,48.1,85.5,0.6292,214.7,p=0.928
Microwave door,Scene-Aug w/o structure,0,2,8,120,74,46,0.383333,0.616667,0.1465,0.0518,0.0757,0.0386,0.0368,0.3678,2192,14,20,70,48.1,85.5,0.6183,207.7,p=0.928
Microwave door,Scene-Aug w/o structure,0,3,8,120,74,46,0.383333,0.616667,0.1571,0.0417,0.0668,0.04,0.0531,0.3837,2192,14,20,70,48.1,85.5,0.6333,212.9,p=0.928
Microwave door,Scene-Aug w/o structure,0,4,8,120,76,44,0.366667,0.633333,0.1463,0.0363,0.0553,0.0418,0.0455,0.3611,2208,14,20,70,48.1,85.5,0.6363,203.9,p=0.928
Microwave door,Scene-Aug w/o structure,1,0,8,128,82,46,0.359375,0.640625,0.155,0.0562,0.059,0.0551,0.0397,0.4633,2256,15,20,75,53.1,88.8,0.6418,197.8,p=0.717
Microwave door,Scene-Aug w/o structure,1,1,8,128,87,41,0.320312,0.679688,0.1678,0.054,0.0764,0.0235,0.0548,0.4615,2296,14,20,70,48.1,85.5,0.5989,209.4,p=0.928
Microwave door,Scene-Aug w/o structure,1,2,8,128,88,40,0.3125,0.6875,0.1514,0.0505,0.0722,0.051,0.0522,0.4654,2304,14,20,70,48.1,85.5,0.6203,194.3,p=0.928
Microwave door,Scene-Aug w/o structure,1,3,8,128,85,43,0.335938,0.664062,0.1714,0.0678,0.0837,0.05,0.0569,0.5166,2280,15,20,75,53.1,88.8,0.6146,202.3,p=0.717
Microwave door,Scene-Aug w/o structure,1,4,8,128,83,45,0.351562,0.648438,0.1724,0.0534,0.0582,0.0368,0.0527,0.4532,2264,15,20,75,53.1,88.8,0.616,188.2,p=0.717
Microwave door,Scene-Aug w/o structure,2,0,8,136,94,42,0.308824,0.691176,0.193,0.0601,0.0666,0.0402,0.0564,0.5262,2352,15,20,75,53.1,88.8,0.5961,194.6,p=0.717
Microwave door,Scene-Aug w/o structure,2,1,8,136,97,39,0.286765,0.713235,0.1703,0.0533,0.0451,0.0481,0.0473,0.5119,2376,15,20,75,53.1,88.8,0.6004,191.2,p=0.717
Microwave door,Scene-Aug w/o structure,2,2,8,136,97,39,0.286765,0.713235,0.1855,0.0492,0.0728,0.0435,0.0529,0.5255,2376,15,20,75,53.1,88.8,0.5842,190,p=0.717
Microwave door,Scene-Aug w/o structure,2,3,8,136,100,36,0.264706,0.735294,0.186,0.0558,0.0581,0.0475,0.0577,0.5358,2400,15,20,75,53.1,88.8,0.579,200.8,p=0.717
Microwave door,Scene-Aug w/o structure,2,4,8,136,95,41,0.301471,0.698529,0.1843,0.051,0.0545,0.0507,0.0638,0.5364,2360,15,20,75,53.1,88.8,0.5962,209.2,p=0.717
Microwave door,Scene-Aug w/o structure,3,0,8,144,98,46,0.319444,0.680556,0.1976,0.0513,0.0576,0.0405,0.0452,0.5718,2384,16,20,80,58.4,91.9,0.5587,199.3,p=0.411
Microwave door,Scene-Aug w/o structure,3,1,8,144,104,40,0.277778,0.722222,0.1714,0.0641,0.0629,0.0473,0.0435,0.5849,2432,15,20,75,53.1,88.8,0.6085,190.7,p=0.717
Microwave door,Scene-Aug w/o structure,3,2,8,144,106,38,0.263889,0.736111,0.185,0.0523,0.0728,0.0463,0.0389,0.5626,2448,15,20,75,53.1,88.8,0.5908,199.6,p=0.717
Microwave door,Scene-Aug w/o structure,3,3,8,144,99,45,0.3125,0.6875,0.205,0.0557,0.0808,0.0499,0.0482,0.6105,2392,14,20,70,48.1,85.5,0.5803,195.9,p=0.928
Microwave door,Scene-Aug w/o structure,3,4,8,144,103,41,0.284722,0.715278,0.1772,0.0578,0.0836,0.0346,0.0576,0.5796,2424,15,20,75,53.1,88.8,0.5834,202.8,p=0.717
Microwave door,Scene-Aug w/o structure,4,0,8,152,109,43,0.282895,0.717105,0.1949,0.0591,0.0647,0.0434,0.0614,0.611,2472,16,20,80,58.4,91.9,0.57,198.9,p=0.411
Microwave door,Scene-Aug w/o structure,4,1,8,152,110,42,0.276316,0.723684,0.1927,0.0571,0.0778,0.042,0.0592,0.6258,2480,15,20,75,53.1,88.8,0.5521,206.1,p=0.717
Microwave door,Scene-Aug w/o structure,4,2,8,152,110,42,0.276316,0.723684,0.2079,0.0469,0.0504,0.0447,0.0504,0.5885,2480,16,20,80,58.4,91.9,0.6094,200.3,p=0.411
Microwave door,Scene-Aug w/o structure,4,3,8,152,104,48,0.315789,0.684211,0.1829,0.0487,0.0607,0.0333,0.053,0.5927,2432,16,20,80,58.4,91.9,0.61,194.9,p=0.411
Microwave door,Scene-Aug w/o structure,4,4,8,152,108,44,0.289474,0.710526,0.2037,0.0575,0.0745,0.0371,0.0576,0.5817,2464,15,20,75,53.1,88.8,0.6054,197.7,p=0.717
Microwave door,Scene-Aug w/o structure,5,0,8,160,114,46,0.2875,0.7125,0.1844,0.0662,0.0656,0.0373,0.0436,0.6109,2512,16,20,80,58.4,91.9,0.582,195.5,p=0.411
Microwave door,Scene-Aug w/o structure,5,1,8,160,122,38,0.2375,0.7625,0.2133,0.0472,0.076,0.0489,0.0595,0.6353,2576,16,20,80,58.4,91.9,0.5797,194.5,p=0.411
Microwave door,Scene-Aug w/o structure,5,2,8,160,112,48,0.3,0.7,0.2215,0.0606,0.0759,0.0614,0.0474,0.6079,2496,15,20,75,53.1,88.8,0.5843,200.7,p=0.717
Microwave door,Scene-Aug w/o structure,5,3,8,160,115,45,0.28125,0.71875,0.2367,0.0554,0.0853,0.0315,0.0427,0.6424,2520,15,20,75,53.1,88.8,0.5842,191.1,p=0.717
Microwave door,Scene-Aug w/o structure,5,4,8,160,115,45,0.28125,0.71875,0.1949,0.0438,0.0589,0.0373,0.0549,0.6043,2520,15,20,75,53.1,88.8,0.5792,207.2,p=0.717
Microwave door,Scene-Aug w/o structure,6,0,8,168,121,47,0.279762,0.720238,0.2121,0.0651,0.0638,0.0555,0.0497,0.648,2568,17,20,85,64,94.8,0.5829,200.9,p=0.196
Microwave door,Scene-Aug w/o structure,6,1,8,168,122,46,0.27381,0.72619,0.2119,0.0543,0.0633,0.0465,0.0505,0.6671,2576,15,20,75,53.1,88.8,0.5836,194.3,p=0.717
Microwave door,Scene-Aug w/o structure,6,2,8,168,122,46,0.27381,0.72619,0.2277,0.0566,0.0676,0.032,0.0627,0.6216,2576,15,20,75,53.1,88.8,0.5797,187.6,p=0.717
Microwave door,Scene-Aug w/o structure,6,3,8,168,124,44,0.261905,0.738095,0.2251,0.0481,0.0622,0.0524,0.0481,0.6257,2592,16,20,80,58.4,91.9,0.5929,203.8,p=0.411
Microwave door,Scene-Aug w/o structure,6,4,8,168,122,46,0.27381,0.72619,0.2063,0.0589,0.0767,0.0565,0.0519,0.6342,2576,15,20,75,53.1,88.8,0.571,194.1,p=0.717
Microwave door,Ours,0,0,8,120,96,24,0.2,0.8,0.0706,0.0213,0.0183,0.0311,0.0053,0.4492,2368,14,20,70,48.1,85.5,0.6401,197.9,p=0.928
Microwave door,Ours,0,1,8,120,94,26,0.216667,0.783333,0.0359,0.0122,0.0045,0.0165,0.0203,0.4778,2352,14,20,70,48.1,85.5,0.6453,206.9,p=0.928
Microwave door,Ours,0,2,8,120,95,25,0.208333,0.791667,0.0564,0.0169,0.0204,0.0007,0.0104,0.4273,2360,14,20,70,48.1,85.5,0.6493,201.9,p=0.928
Microwave door,Ours,0,3,8,120,94,26,0.216667,0.783333,0.0418,0.0083,0.0221,0.0125,0.0275,0.4588,2352,14,20,70,48.1,85.5,0.6273,213.3,p=0.928
Microwave door,Ours,0,4,8,120,97,23,0.191667,0.808333,0.0778,0.0081,0.0281,0.0296,0.0116,0.4329,2376,14,20,70,48.1,85.5,0.6436,205.4,p=0.928
Microwave door,Ours,1,0,8,128,106,22,0.171875,0.828125,0.0542,0.0172,0.0324,0.0052,0.0153,0.573,2448,15,20,75,53.1,88.8,0.5862,203,p=0.717
Microwave door,Ours,1,1,8,128,107,21,0.164062,0.835938,0.0503,0.0129,0.0068,0.0326,0.0245,0.595,2456,15,20,75,53.1,88.8,0.5868,192.4,p=0.717
Microwave door,Ours,1,2,8,128,110,18,0.140625,0.859375,0.065,0.0208,0,0.0225,0.016,0.5899,2480,15,20,75,53.1,88.8,0.548,191.6,p=0.717
Microwave door,Ours,1,3,8,128,106,22,0.171875,0.828125,0.0555,0.0307,0.0234,0.0068,0.0287,0.5922,2448,16,20,80,58.4,91.9,0.5701,183.2,p=0.411
Microwave door,Ours,1,4,8,128,107,21,0.164062,0.835938,0.0258,0.0255,0.0227,0.0247,0.0237,0.5695,2456,15,20,75,53.1,88.8,0.5928,205.1,p=0.717
Microwave door,Ours,2,0,8,136,118,18,0.132353,0.867647,0.0743,0.0222,0.0017,0.0154,0.0136,0.6666,2544,16,20,80,58.4,91.9,0.5336,184.8,p=0.411
Microwave door,Ours,2,1,8,136,116,20,0.147059,0.852941,0.0692,0.0345,0.0088,0.0259,0.0199,0.6983,2528,16,20,80,58.4,91.9,0.5488,187.4,p=0.411
Microwave door,Ours,2,2,8,136,120,16,0.117647,0.882353,0.0701,0.0066,0.0022,0.0246,0.0236,0.7068,2560,16,20,80,58.4,91.9,0.5339,196.9,p=0.411
Microwave door,Ours,2,3,8,136,113,23,0.169118,0.830882,0.0868,0.0233,0.0001,0.0282,0.0104,0.6834,2504,16,20,80,58.4,91.9,0.5516,184.8,p=0.411
Microwave door,Ours,2,4,8,136,119,17,0.125,0.875,0.0862,0.0194,0,0.024,0.01,0.6987,2552,16,20,80,58.4,91.9,0.5281,191.8,p=0.411
Microwave door,Ours,3,0,8,144,127,17,0.118056,0.881944,0.097,0.0251,0.011,0.0293,0.0113,0.7307,2616,16,20,80,58.4,91.9,0.5036,183.2,p=0.411
Microwave door,Ours,3,1,8,144,126,18,0.125,0.875,0.0889,0.0232,0.0208,0.022,0.0096,0.7428,2608,16,20,80,58.4,91.9,0.5149,192.3,p=0.411
Microwave door,Ours,3,2,8,144,134,10,0.069444,0.930556,0.0756,0.0333,0.0215,0.0222,0.0215,0.723,2672,16,20,80,58.4,91.9,0.5073,196,p=0.411
Microwave door,Ours,3,3,8,144,125,19,0.131944,0.868056,0.0634,0.0362,0.0045,0.0292,0.0103,0.772,2600,17,20,85,64,94.8,0.5153,197,p=0.196
Microwave door,Ours,3,4,8,144,133,11,0.076389,0.923611,0.06,0.0152,0.0079,0.0264,0.0131,0.7274,2664,17,20,85,64,94.8,0.4902,187.5,p=0.196
Microwave door,Ours,4,0,8,152,144,8,0.052632,0.947368,0.0947,0.0334,0,0.0262,0.0169,0.7865,2752,17,20,85,64,94.8,0.5054,188,p=0.196
Microwave door,Ours,4,1,8,152,140,12,0.078947,0.921053,0.0882,0.0178,0.0089,0.0136,0.0194,0.7555,2720,17,20,85,64,94.8,0.4726,196.5,p=0.196
Microwave door,Ours,4,2,8,152,144,8,0.052632,0.947368,0.083,0.0215,0.0311,0.0255,0.019,0.7896,2752,17,20,85,64,94.8,0.5398,192,p=0.196
Microwave door,Ours,4,3,8,152,140,12,0.078947,0.921053,0.1037,0.0294,0.008,0.0295,0.0254,0.7978,2720,17,20,85,64,94.8,0.5077,181.9,p=0.196
Microwave door,Ours,4,4,8,152,142,10,0.065789,0.934211,0.0888,0.0147,0,0.0252,0.0146,0.7557,2736,17,20,85,64,94.8,0.4736,179.1,p=0.196
Microwave door,Ours,5,0,8,160,151,9,0.05625,0.94375,0.0776,0.0286,0.0163,0.0151,0.024,0.8073,2808,18,20,90,69.9,97.2,0.4757,180.9,p=0.076
Microwave door,Ours,5,1,8,160,152,8,0.05,0.95,0.1004,0.0268,0.0076,0.0257,0.0005,0.8205,2816,17,20,85,64,94.8,0.4681,194.9,p=0.196
Microwave door,Ours,5,2,8,160,152,8,0.05,0.95,0.1118,0.0124,0,0.0258,0.0266,0.8112,2816,17,20,85,64,94.8,0.5185,197.3,p=0.196
Microwave door,Ours,5,3,8,160,157,3,0.01875,0.98125,0.0826,0.0261,0.0059,0.0237,0.0196,0.8207,2856,17,20,85,64,94.8,0.4934,172.1,p=0.196
Microwave door,Ours,5,4,8,160,151,9,0.05625,0.94375,0.1013,0.0285,0.0102,0.0323,0.0179,0.8008,2808,17,20,85,64,94.8,0.5005,191.2,p=0.196
Microwave door,Ours,6,0,8,168,162,6,0.035714,0.964286,0.1149,0.0431,0.0262,0.0297,0.0103,0.839,2896,17,20,85,64,94.8,0.481,193.4,p=0.196
Microwave door,Ours,6,1,8,168,163,5,0.029762,0.970238,0.1026,0.0218,0.0181,0.0218,0.0138,0.8205,2904,17,20,85,64,94.8,0.4838,189,p=0.196
Microwave door,Ours,6,2,8,168,153,15,0.089286,0.910714,0.1148,0.0178,0.0213,0.0216,0.0128,0.7864,2824,17,20,85,64,94.8,0.4876,184.1,p=0.196
Microwave door,Ours,6,3,8,168,165,3,0.017857,0.982143,0.112,0.021,0.0154,0.0319,0.0146,0.8201,2920,18,20,90,69.9,97.2,0.4869,186.1,p=0.076
Microwave door,Ours,6,4,8,168,163,5,0.029762,0.970238,0.1312,0.024,0.0253,0.0115,0.0173,0.7995,2904,17,20,85,64,94.8,0.5031,188.2,p=0.196
Multi-step retrieval,Sparse-only,0,0,18,0,0,0,0,0,0,0,0,0,0,0.3114,3600,14,20,70,48.1,85.5,0.681,203.7,—
Multi-step retrieval,Sparse-only,0,1,18,0,0,0,0,0,0,0,0,0,0,0.2848,3600,13,20,65,43.3,81.9,0.6555,207.1,—
Multi-step retrieval,Sparse-only,0,2,18,0,0,0,0,0,0,0,0,0,0,0.283,3600,14,20,70,48.1,85.5,0.6314,204.6,—
Multi-step retrieval,Sparse-only,0,3,18,0,0,0,0,0,0,0,0,0,0,0.3086,3600,14,20,70,48.1,85.5,0.664,195.4,—
Multi-step retrieval,Sparse-only,0,4,18,0,0,0,0,0,0,0,0,0,0,0.2717,3600,14,20,70,48.1,85.5,0.6469,205.2,—
Multi-step retrieval,Sparse-only,1,0,18,0,0,0,0,0,0,0,0,0,0,0.3074,3600,14,20,70,48.1,85.5,0.6252,210.7,p=0.930
Multi-step retrieval,Sparse-only,1,1,18,0,0,0,0,0,0,0,0,0,0,0.305,3600,14,20,70,48.1,85.5,0.6341,214.6,p=0.930
Multi-step retrieval,Sparse-only,1,2,18,0,0,0,0,0,0,0,0,0,0,0.3155,3600,14,20,70,48.1,85.5,0.6456,203.4,p=0.930
Multi-step retrieval,Sparse-only,1,3,18,0,0,0,0,0,0,0,0,0,0,0.2906,3600,14,20,70,48.1,85.5,0.6372,203,p=0.930
Multi-step retrieval,Sparse-only,1,4,18,0,0,0,0,0,0,0,0,0,0,0.2661,3600,14,20,70,48.1,85.5,0.662,209.6,p=0.930
Multi-step retrieval,Sparse-only,2,0,18,0,0,0,0,0,0,0,0,0,0,0.2998,3600,14,20,70,48.1,85.5,0.6112,212.6,p=0.930
Multi-step retrieval,Sparse-only,2,1,18,0,0,0,0,0,0,0,0,0,0,0.3075,3600,14,20,70,48.1,85.5,0.6331,203.3,p=0.930
Multi-step retrieval,Sparse-only,2,2,18,0,0,0,0,0,0,0,0,0,0,0.3041,3600,14,20,70,48.1,85.5,0.6308,200.3,p=0.930
Multi-step retrieval,Sparse-only,2,3,18,0,0,0,0,0,0,0,0,0,0,0.2739,3600,14,20,70,48.1,85.5,0.6167,204.5,p=0.930
Multi-step retrieval,Sparse-only,2,4,18,0,0,0,0,0,0,0,0,0,0,0.2955,3600,13,20,65,43.3,81.9,0.627,216.2,p=0.726
Multi-step retrieval,Sparse-only,3,0,18,0,0,0,0,0,0,0,0,0,0,0.3155,3600,14,20,70,48.1,85.5,0.6328,203.7,p=0.930
Multi-step retrieval,Sparse-only,3,1,18,0,0,0,0,0,0,0,0,0,0,0.3272,3600,14,20,70,48.1,85.5,0.5965,201.4,p=0.930
Multi-step retrieval,Sparse-only,3,2,18,0,0,0,0,0,0,0,0,0,0,0.3267,3600,14,20,70,48.1,85.5,0.6114,200.7,p=0.930
Multi-step retrieval,Sparse-only,3,3,18,0,0,0,0,0,0,0,0,0,0,0.2837,3600,14,20,70,48.1,85.5,0.6285,198.1,p=0.930
Multi-step retrieval,Sparse-only,3,4,18,0,0,0,0,0,0,0,0,0,0,0.3247,3600,14,20,70,48.1,85.5,0.6319,192.3,p=0.930
Multi-step retrieval,Sparse-only,4,0,18,0,0,0,0,0,0,0,0,0,0,0.2873,3600,14,20,70,48.1,85.5,0.6321,204.9,p=0.930
Multi-step retrieval,Sparse-only,4,1,18,0,0,0,0,0,0,0,0,0,0,0.296,3600,14,20,70,48.1,85.5,0.6095,198.3,p=0.930
Multi-step retrieval,Sparse-only,4,2,18,0,0,0,0,0,0,0,0,0,0,0.2588,3600,14,20,70,48.1,85.5,0.6117,190.6,p=0.930
Multi-step retrieval,Sparse-only,4,3,18,0,0,0,0,0,0,0,0,0,0,0.2873,3600,14,20,70,48.1,85.5,0.6147,211.9,p=0.930
Multi-step retrieval,Sparse-only,4,4,18,0,0,0,0,0,0,0,0,0,0,0.2915,3600,15,20,75,53.1,88.8,0.6398,212.9,p=0.593
Multi-step retrieval,Sparse-only,5,0,18,0,0,0,0,0,0,0,0,0,0,0.3116,3600,15,20,75,53.1,88.8,0.6285,197.9,p=0.593
Multi-step retrieval,Sparse-only,5,1,18,0,0,0,0,0,0,0,0,0,0,0.2735,3600,15,20,75,53.1,88.8,0.6083,216.8,p=0.593
Multi-step retrieval,Sparse-only,5,2,18,0,0,0,0,0,0,0,0,0,0,0.2909,3600,14,20,70,48.1,85.5,0.622,202.3,p=0.930
Multi-step retrieval,Sparse-only,5,3,18,0,0,0,0,0,0,0,0,0,0,0.3142,3600,14,20,70,48.1,85.5,0.6185,205.6,p=0.930
Multi-step retrieval,Sparse-only,5,4,18,0,0,0,0,0,0,0,0,0,0,0.2879,3600,14,20,70,48.1,85.5,0.6092,202.5,p=0.930
Multi-step retrieval,Sparse-only,6,0,18,0,0,0,0,0,0,0,0,0,0,0.2865,3600,14,20,70,48.1,85.5,0.6099,201.1,p=0.930
Multi-step retrieval,Sparse-only,6,1,18,0,0,0,0,0,0,0,0,0,0,0.2852,3600,14,20,70,48.1,85.5,0.6255,204.8,p=0.930
Multi-step retrieval,Sparse-only,6,2,18,0,0,0,0,0,0,0,0,0,0,0.3091,3600,14,20,70,48.1,85.5,0.6086,209.3,p=0.930
Multi-step retrieval,Sparse-only,6,3,18,0,0,0,0,0,0,0,0,0,0,0.2969,3600,14,20,70,48.1,85.5,0.6049,209.1,p=0.930
Multi-step retrieval,Sparse-only,6,4,18,0,0,0,0,0,0,0,0,0,0,0.3136,3600,14,20,70,48.1,85.5,0.6346,204.4,p=0.930
Multi-step retrieval,Random-Aug,0,0,18,120,43,77,0.641667,0.358333,0.2629,0.0905,0.1037,0.0738,0.0785,0.3501,3944,14,20,70,48.1,85.5,0.6366,195.1,p=0.930
Multi-step retrieval,Random-Aug,0,1,18,120,49,71,0.591667,0.408333,0.2354,0.0977,0.1212,0.074,0.0712,0.3536,3992,14,20,70,48.1,85.5,0.628,199.8,p=0.930
Multi-step retrieval,Random-Aug,0,2,18,120,44,76,0.633333,0.366667,0.2534,0.0821,0.105,0.0758,0.0642,0.3065,3952,14,20,70,48.1,85.5,0.6301,213.7,p=0.930
Multi-step retrieval,Random-Aug,0,3,18,120,48,72,0.6,0.4,0.2421,0.0919,0.1093,0.0706,0.1059,0.3627,3984,14,20,70,48.1,85.5,0.6244,209.7,p=0.930
Multi-step retrieval,Random-Aug,0,4,18,120,48,72,0.6,0.4,0.2448,0.0993,0.124,0.0898,0.0944,0.3316,3984,14,20,70,48.1,85.5,0.6287,206.6,p=0.930
Multi-step retrieval,Random-Aug,1,0,18,128,50,78,0.609375,0.390625,0.2687,0.0939,0.1237,0.0802,0.0761,0.3699,4000,14,20,70,48.1,85.5,0.633,204,p=0.930
Multi-step retrieval,Random-Aug,1,1,18,128,45,83,0.648438,0.351562,0.2862,0.0786,0.1191,0.0803,0.0682,0.3885,3960,14,20,70,48.1,85.5,0.6446,210.9,p=0.930
Multi-step retrieval,Random-Aug,1,2,18,128,56,72,0.5625,0.4375,0.2503,0.0911,0.1144,0.0789,0.0728,0.3963,4048,14,20,70,48.1,85.5,0.655,201.3,p=0.930
Multi-step retrieval,Random-Aug,1,3,18,128,51,77,0.601562,0.398438,0.2674,0.1007,0.126,0.0785,0.0813,0.4285,4008,14,20,70,48.1,85.5,0.6055,206.5,p=0.930
Multi-step retrieval,Random-Aug,1,4,18,128,54,74,0.578125,0.421875,0.272,0.1042,0.1168,0.0775,0.084,0.3863,4032,13,20,65,43.3,81.9,0.606,210.3,p=0.726
Multi-step retrieval,Random-Aug,2,0,18,136,57,79,0.580882,0.419118,0.2855,0.1032,0.1185,0.0743,0.0894,0.4706,4056,14,20,70,48.1,85.5,0.6174,199.6,p=0.930
Multi-step retrieval,Random-Aug,2,1,18,136,61,75,0.551471,0.448529,0.2811,0.0883,0.1095,0.074,0.092,0.4507,4088,13,20,65,43.3,81.9,0.6388,205.3,p=0.726
Multi-step retrieval,Random-Aug,2,2,18,136,56,80,0.588235,0.411765,0.2839,0.1015,0.1035,0.0662,0.0696,0.4199,4048,13,20,65,43.3,81.9,0.6479,200.4,p=0.726
Multi-step retrieval,Random-Aug,2,3,18,136,54,82,0.602941,0.397059,0.2995,0.0964,0.1366,0.0835,0.0817,0.4524,4032,13,20,65,43.3,81.9,0.6217,199.2,p=0.726
Multi-step retrieval,Random-Aug,2,4,18,136,60,76,0.558824,0.441176,0.2806,0.0881,0.112,0.0826,0.0944,0.4242,4080,13,20,65,43.3,81.9,0.6297,199,p=0.726
Multi-step retrieval,Random-Aug,3,0,18,144,65,79,0.548611,0.451389,0.3037,0.0961,0.1236,0.0862,0.0954,0.4753,4120,13,20,65,43.3,81.9,0.6213,210.9,p=0.726
Multi-step retrieval,Random-Aug,3,1,18,144,63,81,0.5625,0.4375,0.2965,0.0969,0.1056,0.0931,0.0851,0.4539,4104,14,20,70,48.1,85.5,0.6399,207.2,p=0.930
Multi-step retrieval,Random-Aug,3,2,18,144,64,80,0.555556,0.444444,0.3013,0.0895,0.1223,0.0799,0.0768,0.4505,4112,13,20,65,43.3,81.9,0.6352,198.8,p=0.726
Multi-step retrieval,Random-Aug,3,3,18,144,58,86,0.597222,0.402778,0.2938,0.0958,0.1127,0.0673,0.0828,0.473,4064,13,20,65,43.3,81.9,0.6144,198.1,p=0.726
Multi-step retrieval,Random-Aug,3,4,18,144,59,85,0.590278,0.409722,0.3103,0.0815,0.1226,0.0762,0.0903,0.4418,4072,13,20,65,43.3,81.9,0.6096,204,p=0.726
Multi-step retrieval,Random-Aug,4,0,18,152,75,77,0.506579,0.493421,0.2775,0.0824,0.0851,0.0863,0.0845,0.4609,4200,14,20,70,48.1,85.5,0.6575,204.5,p=0.930
Multi-step retrieval,Random-Aug,4,1,18,152,73,79,0.519737,0.480263,0.2902,0.0945,0.1146,0.0787,0.0867,0.4764,4184,14,20,70,48.1,85.5,0.624,206.4,p=0.930
Multi-step retrieval,Random-Aug,4,2,18,152,75,77,0.506579,0.493421,0.3032,0.0989,0.1243,0.0811,0.0832,0.504,4200,13,20,65,43.3,81.9,0.634,204.2,p=0.726
Multi-step retrieval,Random-Aug,4,3,18,152,72,80,0.526316,0.473684,0.2862,0.0931,0.1088,0.066,0.1016,0.5163,4176,13,20,65,43.3,81.9,0.6254,202.8,p=0.726
Multi-step retrieval,Random-Aug,4,4,18,152,70,82,0.539474,0.460526,0.3113,0.1045,0.1024,0.0665,0.079,0.5,4160,14,20,70,48.1,85.5,0.6029,204.2,p=0.930
Multi-step retrieval,Random-Aug,5,0,18,160,71,89,0.55625,0.44375,0.3007,0.0814,0.1018,0.0719,0.0853,0.4755,4168,13,20,65,43.3,81.9,0.6306,215,p=0.726
Multi-step retrieval,Random-Aug,5,1,18,160,80,80,0.5,0.5,0.2976,0.0868,0.0961,0.0722,0.066,0.4937,4240,13,20,65,43.3,81.9,0.6202,196.7,p=0.726
Multi-step retrieval,Random-Aug,5,2,18,160,69,91,0.56875,0.43125,0.2873,0.0975,0.1141,0.0786,0.0953,0.514,4152,13,20,65,43.3,81.9,0.6311,200.6,p=0.726
Multi-step retrieval,Random-Aug,5,3,18,160,76,84,0.525,0.475,0.3244,0.0929,0.1249,0.076,0.0748,0.4831,4208,14,20,70,48.1,85.5,0.6145,208.4,p=0.930
Multi-step retrieval,Random-Aug,5,4,18,160,75,85,0.53125,0.46875,0.3257,0.1006,0.1094,0.0694,0.0661,0.5169,4200,13,20,65,43.3,81.9,0.6468,197.8,p=0.726
Multi-step retrieval,Random-Aug,6,0,18,168,79,89,0.529762,0.470238,0.2956,0.1116,0.1288,0.0829,0.09,0.4939,4232,13,20,65,43.3,81.9,0.5958,201.5,p=0.726
Multi-step retrieval,Random-Aug,6,1,18,168,72,96,0.571429,0.428571,0.3282,0.0862,0.1202,0.0739,0.0832,0.524,4176,14,20,70,48.1,85.5,0.6073,207.9,p=0.930
Multi-step retrieval,Random-Aug,6,2,18,168,77,91,0.541667,0.458333,0.3178,0.0867,0.0873,0.0879,0.0761,0.514,4216,13,20,65,43.3,81.9,0.607,202,p=0.726
Multi-step retrieval,Random-Aug,6,3,18,168,80,88,0.52381,0.47619,0.2918,0.0932,0.1047,0.082,0.0896,0.4748,4240,13,20,65,43.3,81.9,0.623,205.9,p=0.726
Multi-step retrieval,Random-Aug,6,4,18,168,80,88,0.52381,0.47619,0.318,0.0894,0.1139,0.0692,0.0724,0.453,4240,14,20,70,48.1,85.5,0.6274,201,p=0.930
Multi-step retrieval,Scene-Aug w/o structure,0,0,18,120,76,44,0.366667,0.633333,0.1521,0.0497,0.0579,0.0486,0.0399,0.3623,4208,14,20,70,48.1,85.5,0.6605,208.6,p=0.930
Multi-step retrieval,Scene-Aug w/o structure,0,1,18,120,75,45,0.375,0.625,0.1647,0.0415,0.0677,0.0443,0.0447,0.3958,4200,14,20,70,48.1,85.5,0.6793,208.6,p=0.930
Multi-step retrieval,Scene-Aug w/o structure,0,2,18,120,77,43,0.358333,0.641667,0.1578,0.0562,0.0782,0.0427,0.0525,0.3776,4216,14,20,70,48.1,85.5,0.6531,199.7,p=0.930
Multi-step retrieval,Scene-Aug w/o structure,0,3,18,120,76,44,0.366667,0.633333,0.1806,0.0584,0.0584,0.0229,0.0593,0.393,4208,14,20,70,48.1,85.5,0.6242,188.1,p=0.930
Multi-step retrieval,Scene-Aug w/o structure,0,4,18,120,83,37,0.308333,0.691667,0.1716,0.0388,0.0643,0.0451,0.0571,0.4246,4264,13,20,65,43.3,81.9,0.6468,201.3,p=0.726
Multi-step retrieval,Scene-Aug w/o structure,1,0,18,128,91,37,0.289062,0.710938,0.1929,0.0502,0.0799,0.0479,0.0377,0.4736,4328,14,20,70,48.1,85.5,0.6108,211.9,p=0.930
Multi-step retrieval,Scene-Aug w/o structure,1,1,18,128,91,37,0.289062,0.710938,0.1788,0.0433,0.071,0.0505,0.0461,0.4621,4328,14,20,70,48.1,85.5,0.644,196.2,p=0.930
Multi-step retrieval,Scene-Aug w/o structure,1,2,18,128,88,40,0.3125,0.6875,0.1734,0.0481,0.0783,0.0412,0.0469,0.4722,4304,15,20,75,53.1,88.8,0.6043,212,p=0.593
Multi-step retrieval,Scene-Aug w/o structure,1,3,18,128,85,43,0.335938,0.664062,0.184,0.0441,0.0681,0.0416,0.0496,0.4661,4280,14,20,70,48.1,85.5,0.603,194.6,p=0.930
Multi-step retrieval,Scene-Aug w/o structure,1,4,18,128,88,40,0.3125,0.6875,0.1745,0.0744,0.093,0.0362,0.0409,0.503,4304,14,20,70,48.1,85.5,0.6157,201.2,p=0.930
Multi-step retrieval,Scene-Aug w/o structure,2,0,18,136,100,36,0.264706,0.735294,0.191,0.0422,0.0575,0.0433,0.0395,0.5193,4400,14,20,70,48.1,85.5,0.6176,192.3,p=0.930
Multi-step retrieval,Scene-Aug w/o structure,2,1,18,136,98,38,0.279412,0.720588,0.1804,0.0705,0.0755,0.0332,0.0511,0.526,4384,14,20,70,48.1,85.5,0.5971,202.6,p=0.930
Multi-step retrieval,Scene-Aug w/o structure,2,2,18,136,92,44,0.323529,0.676471,0.1696,0.0525,0.0734,0.0522,0.0534,0.5553,4336,15,20,75,53.1,88.8,0.6008,199.8,p=0.593
Multi-step retrieval,Scene-Aug w/o structure,2,3,18,136,88,48,0.352941,0.647059,0.1821,0.0461,0.0614,0.0417,0.0495,0.5459,4304,14,20,70,48.1,85.5,0.5996,190.7,p=0.930
Multi-step retrieval,Scene-Aug w/o structure,2,4,18,136,92,44,0.323529,0.676471,0.18,0.0529,0.0858,0.0499,0.0451,0.5163,4336,15,20,75,53.1,88.8,0.6187,205.6,p=0.593
Multi-step retrieval,Scene-Aug w/o structure,3,0,18,144,105,39,0.270833,0.729167,0.1611,0.0595,0.0626,0.0456,0.0474,0.5602,4440,15,20,75,53.1,88.8,0.5743,194.4,p=0.593
Multi-step retrieval,Scene-Aug w/o structure,3,1,18,144,104,40,0.277778,0.722222,0.2005,0.0555,0.06,0.0471,0.0478,0.5763,4432,15,20,75,53.1,88.8,0.5595,201.9,p=0.593
Multi-step retrieval,Scene-Aug w/o structure,3,2,18,144,98,46,0.319444,0.680556,0.1925,0.0538,0.0875,0.0434,0.0301,0.5731,4384,14,20,70,48.1,85.5,0.6002,186.6,p=0.930
Multi-step retrieval,Scene-Aug w/o structure,3,3,18,144,104,40,0.277778,0.722222,0.1856,0.0515,0.0675,0.0486,0.0578,0.5915,4432,15,20,75,53.1,88.8,0.5904,194.3,p=0.593
Multi-step retrieval,Scene-Aug w/o structure,3,4,18,144,105,39,0.270833,0.729167,0.1585,0.0539,0.1008,0.0442,0.055,0.5915,4440,15,20,75,53.1,88.8,0.6303,186.9,p=0.593
Multi-step retrieval,Scene-Aug w/o structure,4,0,18,152,121,31,0.203947,0.796053,0.2006,0.0702,0.0812,0.0549,0.0365,0.5957,4568,15,20,75,53.1,88.8,0.5819,205.3,p=0.593
Multi-step retrieval,Scene-Aug w/o structure,4,1,18,152,111,41,0.269737,0.730263,0.2083,0.0568,0.0824,0.0609,0.0601,0.5963,4488,14,20,70,48.1,85.5,0.6138,188.3,p=0.930
Multi-step retrieval,Scene-Aug w/o structure,4,2,18,152,114,38,0.25,0.75,0.197,0.075,0.0675,0.0539,0.0471,0.6132,4512,16,20,80,58.4,91.9,0.5978,198.1,p=0.323
Multi-step retrieval,Scene-Aug w/o structure,4,3,18,152,110,42,0.276316,0.723684,0.2196,0.0506,0.0689,0.0574,0.0503,0.6051,4480,15,20,75,53.1,88.8,0.5943,193.7,p=0.593
Multi-step retrieval,Scene-Aug w/o structure,4,4,18,152,104,48,0.315789,0.684211,0.2267,0.039,0.0766,0.0507,0.0455,0.5963,4432,15,20,75,53.1,88.8,0.5732,199,p=0.593
Multi-step retrieval,Scene-Aug w/o structure,5,0,18,160,122,38,0.2375,0.7625,0.2022,0.0576,0.0676,0.0398,0.0371,0.5723,4576,15,20,75,53.1,88.8,0.602,201.2,p=0.593
Multi-step retrieval,Scene-Aug w/o structure,5,1,18,160,119,41,0.25625,0.74375,0.2203,0.055,0.0808,0.0328,0.0484,0.5772,4552,15,20,75,53.1,88.8,0.5506,201.6,p=0.593
Multi-step retrieval,Scene-Aug w/o structure,5,2,18,160,116,44,0.275,0.725,0.1978,0.056,0.0606,0.0407,0.0501,0.6352,4528,15,20,75,53.1,88.8,0.603,196.8,p=0.593
Multi-step retrieval,Scene-Aug w/o structure,5,3,18,160,110,50,0.3125,0.6875,0.2172,0.0412,0.0681,0.0378,0.057,0.606,4480,15,20,75,53.1,88.8,0.5781,202.7,p=0.593
Multi-step retrieval,Scene-Aug w/o structure,5,4,18,160,120,40,0.25,0.75,0.2218,0.0444,0.0595,0.0368,0.0474,0.614,4560,15,20,75,53.1,88.8,0.5904,194.5,p=0.593
Multi-step retrieval,Scene-Aug w/o structure,6,0,18,168,119,49,0.291667,0.708333,0.2255,0.0508,0.0707,0.0336,0.0468,0.5982,4552,15,20,75,53.1,88.8,0.5907,199.5,p=0.593
Multi-step retrieval,Scene-Aug w/o structure,6,1,18,168,125,43,0.255952,0.744048,0.2165,0.0532,0.0773,0.0446,0.0369,0.6192,4600,16,20,80,58.4,91.9,0.597,203.7,p=0.323
Multi-step retrieval,Scene-Aug w/o structure,6,2,18,168,118,50,0.297619,0.702381,0.2157,0.0634,0.069,0.0301,0.029,0.6475,4544,16,20,80,58.4,91.9,0.5594,197.3,p=0.323
Multi-step retrieval,Scene-Aug w/o structure,6,3,18,168,125,43,0.255952,0.744048,0.2137,0.0516,0.0852,0.0421,0.0528,0.6262,4600,15,20,75,53.1,88.8,0.5624,189.4,p=0.593
Multi-step retrieval,Scene-Aug w/o structure,6,4,18,168,120,48,0.285714,0.714286,0.2071,0.0475,0.0671,0.0379,0.0553,0.6853,4560,15,20,75,53.1,88.8,0.5743,191.9,p=0.593
Multi-step retrieval,Ours,0,0,18,120,96,24,0.2,0.8,0.0429,0.0435,0.0003,0.0231,0.0245,0.4511,4368,14,20,70,48.1,85.5,0.6494,204.7,p=0.930
Multi-step retrieval,Ours,0,1,18,120,92,28,0.233333,0.766667,0.0459,0.0146,0.0182,0.0212,0.0214,0.4327,4336,14,20,70,48.1,85.5,0.6378,209.7,p=0.930
Multi-step retrieval,Ours,0,2,18,120,90,30,0.25,0.75,0.0275,0.0284,0,0.0197,0.0309,0.4524,4320,13,20,65,43.3,81.9,0.6544,200,p=0.726
Multi-step retrieval,Ours,0,3,18,120,92,28,0.233333,0.766667,0.0386,0.0206,0.0324,0.023,0.0236,0.4424,4336,14,20,70,48.1,85.5,0.6352,201.6,p=0.930
Multi-step retrieval,Ours,0,4,18,120,97,23,0.191667,0.808333,0.0499,0.0181,0.0105,0.0122,0.018,0.4415,4376,14,20,70,48.1,85.5,0.6428,193.6,p=0.930
Multi-step retrieval,Ours,1,0,18,128,109,19,0.148438,0.851562,0.0568,0.021,0.0003,0.0224,0.0142,0.5665,4472,14,20,70,48.1,85.5,0.5713,206.9,p=0.930
Multi-step retrieval,Ours,1,1,18,128,108,20,0.15625,0.84375,0.0473,0.0228,0.0056,0.0271,0.0103,0.5953,4464,15,20,75,53.1,88.8,0.5686,197.6,p=0.593
Multi-step retrieval,Ours,1,2,18,128,111,17,0.132812,0.867188,0.0552,0.0348,0.017,0.0193,0.0178,0.582,4488,16,20,80,58.4,91.9,0.5985,200.6,p=0.323
Multi-step retrieval,Ours,1,3,18,128,108,20,0.15625,0.84375,0.0633,0.0246,0.0159,0.0335,0.0175,0.5904,4464,15,20,75,53.1,88.8,0.5923,196.1,p=0.593
Multi-step retrieval,Ours,1,4,18,128,107,21,0.164062,0.835938,0.0621,0.0229,0.0078,0.0113,0.0077,0.5823,4456,15,20,75,53.1,88.8,0.5714,202.2,p=0.593
Multi-step retrieval,Ours,2,0,18,136,119,17,0.125,0.875,0.0844,0.0391,0.0144,0.0153,0.0079,0.6912,4552,16,20,80,58.4,91.9,0.5404,199.8,p=0.323
Multi-step retrieval,Ours,2,1,18,136,120,16,0.117647,0.882353,0.0763,0.0165,0.0145,0.0138,0.0128,0.7206,4560,16,20,80,58.4,91.9,0.5199,191.5,p=0.323
Multi-step retrieval,Ours,2,2,18,136,125,11,0.080882,0.919118,0.0672,0.0182,0.0088,0.021,0.0159,0.7267,4600,15,20,75,53.1,88.8,0.5304,195.2,p=0.593
Multi-step retrieval,Ours,2,3,18,136,121,15,0.110294,0.889706,0.0424,0.0227,0.0189,0.0154,0.011,0.678,4568,16,20,80,58.4,91.9,0.5341,193.5,p=0.323
Multi-step retrieval,Ours,2,4,18,136,119,17,0.125,0.875,0.0855,0.0271,0.0231,0.0025,0.0097,0.7007,4552,16,20,80,58.4,91.9,0.5357,198.8,p=0.323
Multi-step retrieval,Ours,3,0,18,144,132,12,0.083333,0.916667,0.0732,0.0402,0.0075,0.0259,0.015,0.7265,4656,16,20,80,58.4,91.9,0.5306,185,p=0.323
Multi-step retrieval,Ours,3,1,18,144,137,7,0.048611,0.951389,0.0834,0.0054,0.0071,0.0185,0.0174,0.7341,4696,16,20,80,58.4,91.9,0.5164,195.8,p=0.323
Multi-step retrieval,Ours,3,2,18,144,133,11,0.076389,0.923611,0.0949,0.0283,0.0175,0.0064,0.0318,0.7452,4664,16,20,80,58.4,91.9,0.519,194.5,p=0.323
Multi-step retrieval,Ours,3,3,18,144,129,15,0.104167,0.895833,0.0987,0.0146,0.0017,0.0122,0.0167,0.726,4632,15,20,75,53.1,88.8,0.5284,196.6,p=0.593
Multi-step retrieval,Ours,3,4,18,144,138,6,0.041667,0.958333,0.0808,0.0409,0,0.0268,0.0166,0.7241,4704,16,20,80,58.4,91.9,0.5283,198.1,p=0.323
Multi-step retrieval,Ours,4,0,18,152,143,9,0.059211,0.940789,0.0886,0.0274,0.0156,0.0348,0.0219,0.7765,4744,16,20,80,58.4,91.9,0.4795,194,p=0.323
Multi-step retrieval,Ours,4,1,18,152,145,7,0.046053,0.953947,0.0972,0.0312,0,0.0355,0.0234,0.8055,4760,16,20,80,58.4,91.9,0.4922,198.1,p=0.323
Multi-step retrieval,Ours,4,2,18,152,139,13,0.085526,0.914474,0.0915,0.0185,0.0177,0.0182,0.0029,0.7767,4712,16,20,80,58.4,91.9,0.4916,192.6,p=0.323
Multi-step retrieval,Ours,4,3,18,152,141,11,0.072368,0.927632,0.0882,0.0231,0.0261,0.017,0.0306,0.7982,4728,16,20,80,58.4,91.9,0.477,178.2,p=0.323
Multi-step retrieval,Ours,4,4,18,152,141,11,0.072368,0.927632,0.0806,0.0234,0.0102,0.0205,0.0134,0.7848,4728,16,20,80,58.4,91.9,0.495,189,p=0.323
Multi-step retrieval,Ours,5,0,18,160,156,4,0.025,0.975,0.1133,0.025,0.0167,0.0207,0.0182,0.838,4848,16,20,80,58.4,91.9,0.5089,188.7,p=0.323
Multi-step retrieval,Ours,5,1,18,160,142,18,0.1125,0.8875,0.114,0.0296,0.0124,0.0032,0.0113,0.816,4736,16,20,80,58.4,91.9,0.4822,193.5,p=0.323
Multi-step retrieval,Ours,5,2,18,160,151,9,0.05625,0.94375,0.1081,0.0293,0.0178,0.0188,0.0235,0.8112,4808,16,20,80,58.4,91.9,0.5207,181.1,p=0.323
Multi-step retrieval,Ours,5,3,18,160,157,3,0.01875,0.98125,0.0876,0.0153,0.0092,0.0133,0.0155,0.8173,4856,16,20,80,58.4,91.9,0.4796,190.2,p=0.323
Multi-step retrieval,Ours,5,4,18,160,143,17,0.10625,0.89375,0.1096,0.0232,0.0025,0.0276,0.0183,0.8309,4744,16,20,80,58.4,91.9,0.4854,187.2,p=0.323
Multi-step retrieval,Ours,6,0,18,168,158,10,0.059524,0.940476,0.0907,0.0129,0.0047,0.0325,0.0088,0.8265,4864,16,20,80,58.4,91.9,0.4768,180.3,p=0.323
Multi-step retrieval,Ours,6,1,18,168,152,16,0.095238,0.904762,0.1017,0.0174,0.0343,0.0158,0.0187,0.8189,4816,16,20,80,58.4,91.9,0.4836,174,p=0.323
Multi-step retrieval,Ours,6,2,18,168,161,7,0.041667,0.958333,0.1011,0.0204,0.0193,0.0123,0.028,0.8201,4888,15,20,75,53.1,88.8,0.4749,192.3,p=0.593
Multi-step retrieval,Ours,6,3,18,168,157,11,0.065476,0.934524,0.1183,0.0248,0.0143,0.0289,0.0177,0.8662,4856,17,20,85,64,94.8,0.5136,197.5,p=0.147
Multi-step retrieval,Ours,6,4,18,168,154,14,0.083333,0.916667,0.1221,0.037,0.0073,0.0375,0.0087,0.8548,4832,17,20,85,64,94.8,0.4885,186.2,p=0.147
