task,method,round,seed_count,candidate_rollouts,accepted_rollouts,acceptance_rate_pct,rejected_rollouts,total_rejection_rate_pct,success_trials,total_trials,incremental_success_rate_pct,ci95,coverage_index_mean,action_smoothness_mean
Pick-place,Ours,0,5,600,468,78.0,132,22.0,85,100,85,"[76.7,90.7]",0.453,0.646
Pick-place,Ours,1,5,640,534,83.4,106,16.6,88,100,88,"[80.2,93.0]",0.583,0.578
Pick-place,Ours,2,5,680,606,89.1,74,10.9,90,100,90,"[82.6,94.5]",0.682,0.544
Pick-place,Ours,3,5,720,671,93.2,49,6.8,90,100,90,"[82.6,94.5]",0.744,0.523
Pick-place,Ours,4,5,760,706,92.9,54,7.1,91,100,91,"[83.8,95.2]",0.778,0.498
Pick-place,Ours,5,5,800,751,93.9,49,6.1,90,100,90,"[82.6,94.5]",0.809,0.495
Pick-place,Ours,6,5,840,802,95.5,38,4.5,92,100,92,"[85.0,95.9]",0.815,0.504
Pick-place,Random-Aug,0,5,600,215,35.8,385,64.2,81,100,81,"[72.2,87.5]",0.346,0.633
Pick-place,Random-Aug,1,5,640,259,40.5,381,59.5,84,100,84,"[75.6,89.9]",0.413,0.629
Pick-place,Random-Aug,2,5,680,285,41.9,395,58.1,84,100,84,"[75.6,89.9]",0.428,0.62
Pick-place,Random-Aug,3,5,720,316,43.9,404,56.1,83,100,83,"[74.5,89.1]",0.448,0.625
Pick-place,Random-Aug,4,5,760,335,44.1,425,55.9,83,100,83,"[74.5,89.1]",0.469,0.631
Pick-place,Random-Aug,5,5,800,357,44.6,443,55.4,85,100,85,"[76.7,90.7]",0.507,0.62
Pick-place,Random-Aug,6,5,840,406,48.3,434,51.7,85,100,85,"[76.7,90.7]",0.495,0.612
Pick-place,Scene-Aug w/o structure,0,5,600,405,67.5,195,32.5,85,100,85,"[76.7,90.7]",0.393,0.638
Pick-place,Scene-Aug w/o structure,1,5,640,439,68.6,201,31.4,84,100,84,"[75.6,89.9]",0.466,0.615
Pick-place,Scene-Aug w/o structure,2,5,680,473,69.6,207,30.4,84,100,84,"[75.6,89.9]",0.506,0.601
Pick-place,Scene-Aug w/o structure,3,5,720,502,69.7,218,30.3,88,100,88,"[80.2,93.0]",0.574,0.585
Pick-place,Scene-Aug w/o structure,4,5,760,549,72.2,211,27.8,88,100,88,"[80.2,93.0]",0.605,0.585
Pick-place,Scene-Aug w/o structure,5,5,800,594,74.2,206,25.8,87,100,87,"[79.0,92.2]",0.624,0.582
Pick-place,Scene-Aug w/o structure,6,5,840,623,74.2,217,25.8,88,100,88,"[80.2,93.0]",0.624,0.576
Pick-place,Sparse-only,0,5,0,0,—,0,—,84,100,84,"[75.6,89.9]",0.3,0.631
Pick-place,Sparse-only,1,5,0,0,—,0,—,82,100,82,"[73.3,88.3]",0.3,0.645
Pick-place,Sparse-only,2,5,0,0,—,0,—,83,100,83,"[74.5,89.1]",0.287,0.626
Pick-place,Sparse-only,3,5,0,0,—,0,—,85,100,85,"[76.7,90.7]",0.293,0.624
Pick-place,Sparse-only,4,5,0,0,—,0,—,84,100,84,"[75.6,89.9]",0.298,0.63
Pick-place,Sparse-only,5,5,0,0,—,0,—,85,100,85,"[76.7,90.7]",0.287,0.618
Pick-place,Sparse-only,6,5,0,0,—,0,—,84,100,84,"[75.6,89.9]",0.307,0.616
Microwave door,Ours,0,5,600,476,79.3,124,20.7,70,100,70,"[60.4,78.1]",0.449,0.641
Microwave door,Ours,1,5,640,536,83.8,104,16.2,76,100,76,"[66.8,83.3]",0.584,0.577
Microwave door,Ours,2,5,680,586,86.2,94,13.8,80,100,80,"[71.1,86.7]",0.691,0.539
Microwave door,Ours,3,5,720,645,89.6,75,10.4,82,100,82,"[73.3,88.3]",0.739,0.506
Microwave door,Ours,4,5,760,710,93.4,50,6.6,85,100,85,"[76.7,90.7]",0.777,0.5
Microwave door,Ours,5,5,800,763,95.4,37,4.6,86,100,86,"[77.9,91.5]",0.812,0.491
Microwave door,Ours,6,5,840,806,96.0,34,4.0,86,100,86,"[77.9,91.5]",0.813,0.488
Microwave door,Random-Aug,0,5,600,217,36.2,383,63.8,70,100,70,"[60.4,78.1]",0.34,0.627
Microwave door,Random-Aug,1,5,640,260,40.6,380,59.4,69,100,69,"[59.4,77.2]",0.409,0.636
Microwave door,Random-Aug,2,5,680,290,42.6,390,57.4,70,100,70,"[60.4,78.1]",0.431,0.636
Microwave door,Random-Aug,3,5,720,320,44.4,400,55.6,70,100,70,"[60.4,78.1]",0.463,0.626
Microwave door,Random-Aug,4,5,760,326,42.9,434,57.1,69,100,69,"[59.4,77.2]",0.486,0.628
Microwave door,Random-Aug,5,5,800,372,46.5,428,53.5,68,100,68,"[58.3,76.3]",0.485,0.625
Microwave door,Random-Aug,6,5,840,408,48.6,432,51.4,69,100,69,"[59.4,77.2]",0.489,0.616
Microwave door,Scene-Aug w/o structure,0,5,600,374,62.3,226,37.7,70,100,70,"[60.4,78.1]",0.366,0.629
Microwave door,Scene-Aug w/o structure,1,5,640,425,66.4,215,33.6,73,100,73,"[63.6,80.7]",0.472,0.618
Microwave door,Scene-Aug w/o structure,2,5,680,483,71.0,197,29.0,75,100,75,"[65.7,82.5]",0.527,0.591
Microwave door,Scene-Aug w/o structure,3,5,720,510,70.8,210,29.2,75,100,75,"[65.7,82.5]",0.582,0.584
Microwave door,Scene-Aug w/o structure,4,5,760,541,71.2,219,28.8,78,100,78,"[68.9,85.0]",0.6,0.589
Microwave door,Scene-Aug w/o structure,5,5,800,578,72.2,222,27.8,77,100,77,"[67.8,84.2]",0.62,0.582
Microwave door,Scene-Aug w/o structure,6,5,840,611,72.7,229,27.3,78,100,78,"[68.9,85.0]",0.639,0.582
Microwave door,Sparse-only,0,5,0,0,—,0,—,70,100,70,"[60.4,78.1]",0.311,0.654
Microwave door,Sparse-only,1,5,0,0,—,0,—,71,100,71,"[61.5,79.0]",0.311,0.625
Microwave door,Sparse-only,2,5,0,0,—,0,—,70,100,70,"[60.4,78.1]",0.308,0.616
Microwave door,Sparse-only,3,5,0,0,—,0,—,72,100,72,"[62.5,79.9]",0.297,0.629
Microwave door,Sparse-only,4,5,0,0,—,0,—,72,100,72,"[62.5,79.9]",0.291,0.617
Microwave door,Sparse-only,5,5,0,0,—,0,—,71,100,71,"[61.5,79.0]",0.306,0.626
Microwave door,Sparse-only,6,5,0,0,—,0,—,72,100,72,"[62.5,79.9]",0.3,0.619
Multi-step retrieval,Ours,0,5,600,467,77.8,133,22.2,69,100,69,"[59.4,77.2]",0.444,0.644
Multi-step retrieval,Ours,1,5,640,543,84.8,97,15.2,75,100,75,"[65.7,82.5]",0.583,0.58
Multi-step retrieval,Ours,2,5,680,604,88.8,76,11.2,79,100,79,"[70.0,85.8]",0.703,0.532
Multi-step retrieval,Ours,3,5,720,669,92.9,51,7.1,79,100,79,"[70.0,85.8]",0.731,0.525
Multi-step retrieval,Ours,4,5,760,709,93.3,51,6.7,80,100,80,"[71.1,86.7]",0.788,0.487
Multi-step retrieval,Ours,5,5,800,749,93.6,51,6.4,80,100,80,"[71.1,86.7]",0.823,0.495
Multi-step retrieval,Ours,6,5,840,782,93.1,58,6.9,81,100,81,"[72.2,87.5]",0.837,0.487
Multi-step retrieval,Random-Aug,0,5,600,232,38.7,368,61.3,70,100,70,"[60.4,78.1]",0.341,0.63
Multi-step retrieval,Random-Aug,1,5,640,256,40.0,384,60.0,69,100,69,"[59.4,77.2]",0.394,0.629
Multi-step retrieval,Random-Aug,2,5,680,288,42.4,392,57.6,66,100,66,"[56.3,74.5]",0.444,0.631
Multi-step retrieval,Random-Aug,3,5,720,309,42.9,411,57.1,66,100,66,"[56.3,74.5]",0.459,0.624
Multi-step retrieval,Random-Aug,4,5,760,365,48.0,395,52.0,68,100,68,"[58.3,76.3]",0.492,0.629
Multi-step retrieval,Random-Aug,5,5,800,371,46.4,429,53.6,66,100,66,"[56.3,74.5]",0.497,0.629
Multi-step retrieval,Random-Aug,6,5,840,388,46.2,452,53.8,67,100,67,"[57.3,75.4]",0.492,0.612
Multi-step retrieval,Scene-Aug w/o structure,0,5,600,387,64.5,213,35.5,69,100,69,"[59.4,77.2]",0.391,0.653
Multi-step retrieval,Scene-Aug w/o structure,1,5,640,443,69.2,197,30.8,71,100,71,"[61.5,79.0]",0.475,0.616
Multi-step retrieval,Scene-Aug w/o structure,2,5,680,470,69.1,210,30.9,72,100,72,"[62.5,79.9]",0.533,0.607
Multi-step retrieval,Scene-Aug w/o structure,3,5,720,516,71.7,204,28.3,74,100,74,"[64.6,81.6]",0.579,0.591
Multi-step retrieval,Scene-Aug w/o structure,4,5,760,560,73.7,200,26.3,75,100,75,"[65.7,82.5]",0.601,0.592
Multi-step retrieval,Scene-Aug w/o structure,5,5,800,587,73.4,213,26.6,75,100,75,"[65.7,82.5]",0.601,0.585
Multi-step retrieval,Scene-Aug w/o structure,6,5,840,607,72.3,233,27.7,77,100,77,"[67.8,84.2]",0.635,0.577
Multi-step retrieval,Sparse-only,0,5,0,0,—,0,—,69,100,69,"[59.4,77.2]",0.292,0.656
Multi-step retrieval,Sparse-only,1,5,0,0,—,0,—,70,100,70,"[60.4,78.1]",0.297,0.641
Multi-step retrieval,Sparse-only,2,5,0,0,—,0,—,69,100,69,"[59.4,77.2]",0.296,0.624
Multi-step retrieval,Sparse-only,3,5,0,0,—,0,—,70,100,70,"[60.4,78.1]",0.316,0.62
Multi-step retrieval,Sparse-only,4,5,0,0,—,0,—,71,100,71,"[61.5,79.0]",0.284,0.622
Multi-step retrieval,Sparse-only,5,5,0,0,—,0,—,72,100,72,"[62.5,79.9]",0.296,0.617
Multi-step retrieval,Sparse-only,6,5,0,0,—,0,—,70,100,70,"[60.4,78.1]",0.298,0.617
all,Ours,0,5,1800,1411,78.4,389,21.6,224,300,74.7,"[69.5,79.3]",0.449,0.644
all,Ours,1,5,1920,1613,84.0,307,16.0,239,300,79.7,"[74.8,83.8]",0.583,0.578
all,Ours,2,5,2040,1796,88.0,244,12.0,249,300,83.0,"[78.3,86.8]",0.692,0.538
all,Ours,3,5,2160,1985,91.9,175,8.1,251,300,83.7,"[79.1,87.4]",0.738,0.518
all,Ours,4,5,2280,2125,93.2,155,6.8,256,300,85.3,"[80.9,88.9]",0.781,0.495
all,Ours,5,5,2400,2263,94.3,137,5.7,256,300,85.3,"[80.9,88.9]",0.814,0.494
all,Ours,6,5,2520,2390,94.8,130,5.2,259,300,86.3,"[82.0,89.8]",0.822,0.493
all,Random-Aug,0,5,1800,664,36.9,1136,63.1,221,300,73.7,"[68.4,78.3]",0.342,0.63
all,Random-Aug,1,5,1920,775,40.4,1145,59.6,222,300,74.0,"[68.8,78.6]",0.405,0.631
all,Random-Aug,2,5,2040,863,42.3,1177,57.7,220,300,73.3,"[68.1,78.0]",0.434,0.629
all,Random-Aug,3,5,2160,945,43.8,1215,56.2,219,300,73.0,"[67.7,77.7]",0.457,0.625
all,Random-Aug,4,5,2280,1026,45.0,1254,55.0,220,300,73.3,"[68.1,78.0]",0.482,0.629
all,Random-Aug,5,5,2400,1100,45.8,1300,54.2,219,300,73.0,"[67.7,77.7]",0.496,0.624
all,Random-Aug,6,5,2520,1202,47.7,1318,52.3,221,300,73.7,"[68.4,78.3]",0.492,0.613
all,Scene-Aug w/o structure,0,5,1800,1166,64.8,634,35.2,224,300,74.7,"[69.5,79.3]",0.383,0.64
all,Scene-Aug w/o structure,1,5,1920,1307,68.1,613,31.9,228,300,76.0,"[70.9,80.5]",0.471,0.616
all,Scene-Aug w/o structure,2,5,2040,1426,69.9,614,30.1,231,300,77.0,"[71.9,81.4]",0.522,0.6
all,Scene-Aug w/o structure,3,5,2160,1528,70.7,632,29.3,237,300,79.0,"[74.0,83.2]",0.578,0.587
all,Scene-Aug w/o structure,4,5,2280,1650,72.4,630,27.6,241,300,80.3,"[75.5,84.4]",0.602,0.589
all,Scene-Aug w/o structure,5,5,2400,1759,73.3,641,26.7,239,300,79.7,"[74.8,83.8]",0.615,0.583
all,Scene-Aug w/o structure,6,5,2520,1841,73.1,679,26.9,243,300,81.0,"[76.2,85.0]",0.633,0.578
all,Sparse-only,0,5,0,0,—,0,—,223,300,74.3,"[69.1,78.9]",0.301,0.647
all,Sparse-only,1,5,0,0,—,0,—,223,300,74.3,"[69.1,78.9]",0.302,0.637
all,Sparse-only,2,5,0,0,—,0,—,222,300,74.0,"[68.8,78.6]",0.297,0.622
all,Sparse-only,3,5,0,0,—,0,—,227,300,75.7,"[70.5,80.2]",0.302,0.624
all,Sparse-only,4,5,0,0,—,0,—,227,300,75.7,"[70.5,80.2]",0.291,0.623
all,Sparse-only,5,5,0,0,—,0,—,228,300,76.0,"[70.9,80.5]",0.296,0.621
all,Sparse-only,6,5,0,0,—,0,—,226,300,75.3,"[70.2,79.9]",0.302,0.617
